source_interval,image_size,image_discrepancy,normalized_image_discrepancy,iteration_depth
"[1,20] Y",10,0,0.0,1
"[1,20] J",20,-4,0.5,1
"[1,50] Y",25,2,0.16666667,1
"[1,50] J",50,-6,0.27272727,1
"[1,100] Y",50,4,0.15384615,1
"[1,100] J",100,-7,0.1372549,1
"[1,200] Y",100,17,0.29824561,1
"[1,200] J",200,30,0.28301887,1
"[1,500] Y",250,15,0.11811024,1
"[1,500] J",500,100,0.40322581,1
"[1,1000] Y",500,13,0.0513834,1
"[1,1000] J",1000,172,0.34538153,1
"[1,2000] Y",1000,2,0.00395257,1
"[1,2000] J",2000,26,0.02626263,1
"[1,10000] Y",5000,-5,0.00199601,1
"[1,100000] Y",50000,-51,0.00204122,1
"[1,1000000] Y",500000,-19,7.602e-05,1
"[2,21] Y",10,1,0.33333333,1
"[2,21] J",20,-3,0.42857143,1
"[2,51] Y",25,3,0.27272727,1
"[2,51] J",50,-5,0.23809524,1
"[2,101] Y",50,6,0.23076923,1
"[2,101] J",100,-5,0.09803922,1
"[2,201] Y",100,19,0.33333333,1
"[2,201] J",200,32,0.30188679,1
"[2,501] Y",250,17,0.13385827,1
"[2,501] J",500,102,0.41129032,1
"[2,1001] Y",500,14,0.05555556,1
"[2,1001] J",1000,173,0.34808853,1
"[2,2001] Y",1000,2,0.00395257,1
"[2,2001] J",2000,26,0.02626263,1
"[2,10001] Y",5000,-4,0.00159744,1
"[2,100001] Y",50000,-50,0.00200128,1
"[4,23] Y",10,2,1.0,1
"[4,23] J",20,-1,0.2,1
"[4,53] Y",25,5,0.45454545,1
"[4,53] J",50,-1,0.04761905,1
"[4,103] Y",50,6,0.23076923,1
"[4,103] J",100,-4,0.08,1
"[4,203] Y",100,20,0.35714286,1
"[4,203] J",200,34,0.32692308,1
"[4,503] Y",250,19,0.1496063,1
"[4,503] J",500,105,0.42510121,1
"[4,1003] Y",500,16,0.06349206,1
"[4,1003] J",1000,177,0.35613682,1
"[4,2003] Y",1000,3,0.00594059,1
"[4,2003] J",2000,28,0.02834008,1
"[4,10003] Y",5000,-3,0.00119856,1
"[4,100003] Y",50000,-50,0.00200128,1
"[8,27] Y",10,0,0.0,1
"[8,27] J",20,-4,0.66666667,1
"[8,57] Y",25,5,0.45454545,1
"[8,57] J",50,1,0.04347826,1
"[8,107] Y",50,6,0.23076923,1
"[8,107] J",100,-4,0.08,1
"[8,207] Y",100,18,0.32142857,1
"[8,207] J",200,32,0.30769231,1
"[8,507] Y",250,19,0.1496063,1
"[8,507] J",500,105,0.42510121,1
"[8,1007] Y",500,14,0.05555556,1
"[8,1007] J",1000,177,0.35470942,1
"[8,2007] Y",1000,2,0.00396825,1
"[8,2007] J",2000,27,0.02735562,1
"[8,10007] Y",5000,-4,0.00159872,1
"[8,100007] Y",50000,-50,0.00200128,1
"[9,28] Y",10,0,0.0,1
"[9,28] J",20,-5,0.71428571,1
"[9,58] Y",25,5,0.45454545,1
"[9,58] J",50,2,0.08333333,1
"[9,108] Y",50,6,0.23076923,1
"[9,108] J",100,-4,0.08,1
"[9,208] Y",100,18,0.32142857,1
"[9,208] J",200,32,0.30769231,1
"[9,508] Y",250,19,0.1496063,1
"[9,508] J",500,105,0.42510121,1
"[9,1008] Y",500,14,0.05555556,1
"[9,1008] J",1000,178,0.356,1
"[9,2008] Y",1000,2,0.00396825,1
"[9,2008] J",2000,27,0.02735562,1
"[9,10008] Y",5000,-4,0.00159872,1
"[9,100008] Y",50000,-50,0.00200128,1
"[16,35] Y",10,1,0.33333333,1
"[16,35] J",20,-4,0.5,1
"[16,65] Y",25,3,0.27272727,1
"[16,65] J",50,5,0.2173913,1
"[16,115] Y",50,5,0.17241379,1
"[16,115] J",100,-2,0.04,1
"[16,215] Y",100,16,0.28571429,1
"[16,215] J",200,33,0.32673267,1
"[16,515] Y",250,18,0.13846154,1
"[16,515] J",500,107,0.43319838,1
"[16,1015] Y",500,13,0.0513834,1
"[16,1015] J",1000,183,0.36526946,1
"[16,2015] Y",1000,3,0.00594059,1
"[16,2015] J",2000,31,0.03147208,1
"[16,10015] Y",5000,-5,0.0019992,1
"[16,100015] Y",50000,-50,0.00200112,1
"[27,46] Y",10,2,0.33333333,1
"[27,46] J",20,-2,0.2,1
"[27,76] Y",25,5,0.38461538,1
"[27,76] J",50,8,0.33333333,1
"[27,126] Y",50,9,0.29032258,1
"[27,126] J",100,6,0.11111111,1
"[27,226] Y",100,15,0.26315789,1
"[27,226] J",200,34,0.33333333,1
"[27,526] Y",250,20,0.15151515,1
"[27,526] J",500,110,0.44354839,1
"[27,1026] Y",500,14,0.05555556,1
"[27,1026] J",1000,189,0.37574553,1
"[27,2026] Y",1000,5,0.00986193,1
"[27,2026] J",2000,33,0.03343465,1
"[27,10026] Y",5000,-6,0.00239617,1
"[27,100026] Y",50000,-48,0.00192092,1
"[32,51] Y",10,3,0.42857143,1
"[32,51] J",20,2,0.2,1
"[32,81] Y",25,3,0.2,1
"[32,81] J",50,8,0.33333333,1
"[32,131] Y",50,10,0.29411765,1
"[32,131] J",100,11,0.19298246,1
"[32,231] Y",100,16,0.27586207,1
"[32,231] J",200,39,0.37864078,1
"[32,531] Y",250,21,0.15789474,1
"[32,531] J",500,114,0.45967742,1
"[32,1031] Y",500,14,0.05555556,1
"[32,1031] J",1000,191,0.38123752,1
"[32,2031] Y",1000,6,0.01181102,1
"[32,2031] J",2000,34,0.03441296,1
"[32,10031] Y",5000,-4,0.00159617,1
"[32,100031] Y",50000,-49,0.00196086,1
"[37,56] Y",10,3,0.42857143,1
"[37,56] J",20,7,0.63636364,1
"[37,86] Y",25,2,0.14285714,1
"[37,86] J",50,6,0.25,1
"[37,136] Y",50,9,0.27272727,1
"[37,136] J",100,15,0.26315789,1
"[37,236] Y",100,14,0.25,1
"[37,236] J",200,42,0.41176471,1
"[37,536] Y",250,18,0.13636364,1
"[37,536] J",500,116,0.46774194,1
"[37,1036] Y",500,13,0.05179283,1
"[37,1036] J",1000,192,0.38554217,1
"[37,2036] Y",1000,5,0.00986193,1
"[37,2036] J",2000,32,0.03238866,1
"[37,10036] Y",5000,-6,0.00239617,1
"[37,100036] Y",50000,-50,0.00200096,1
"[64,83] Y",10,-1,0.2,1
"[64,83] J",20,-2,0.33333333,1
"[64,113] Y",25,3,0.17647059,1
"[64,113] J",50,-6,0.23076923,1
"[64,163] Y",50,10,0.33333333,1
"[64,163] J",100,12,0.24,1
"[64,263] Y",100,13,0.24528302,1
"[64,263] J",200,43,0.42574257,1
"[64,563] Y",250,13,0.09774436,1
"[64,563] J",500,117,0.45882353,1
"[64,1063] Y",500,7,0.02788845,1
"[64,1063] J",1000,179,0.36456212,1
"[64,2063] Y",1000,1,0.00196464,1
"[64,2063] J",2000,8,0.00803213,1
"[64,10063] Y",5000,-9,0.00359569,1
"[64,100063] Y",50000,-54,0.00216121,1
"[74,93] Y",10,-2,0.33333333,1
"[74,93] J",20,-8,0.66666667,1
"[74,123] Y",25,2,0.11111111,1
"[74,123] J",50,-6,0.21428571,1
"[74,173] Y",50,9,0.29032258,1
"[74,173] J",100,13,0.24528302,1
"[74,273] Y",100,10,0.18518519,1
"[74,273] J",200,40,0.39215686,1
"[74,573] Y",250,13,0.09774436,1
"[74,573] J",500,122,0.46923077,1
"[74,1073] Y",500,2,0.00787402,1
"[74,1073] J",1000,174,0.35222672,1
"[74,2073] Y",1000,-1,0.00196464,1
"[74,2073] J",2000,1,0.000999,1
"[74,10073] Y",5000,-12,0.00479233,1
"[74,100073] Y",50000,-57,0.00228119,1
"[100,119] Y",10,2,0.25,1
"[100,119] J",20,2,0.25,1
"[100,149] Y",25,7,0.46666667,1
"[100,149] J",50,18,0.69230769,1
"[100,199] Y",50,13,0.41935484,1
"[100,199] J",100,37,0.67272727,1
"[100,299] Y",100,8,0.16666667,1
"[100,299] J",200,52,0.56521739,1
"[100,599] Y",250,12,0.09375,1
"[100,599] J",500,131,0.53036437,1
"[100,1099] Y",500,0,0.0,1
"[100,1099] J",1000,176,0.36065574,1
"[100,2099] Y",1000,3,0.00591716,1
"[100,2099] J",2000,1,0.00099701,1
"[100,10099] Y",5000,-13,0.00519377,1
"[100,100099] Y",50000,-59,0.00236161,1
"[128,147] Y",10,2,0.5,1
"[128,147] J",20,10,0.83333333,1
"[128,177] Y",25,6,0.5,1
"[128,177] J",50,18,0.75,1
"[128,227] Y",50,5,0.2,1
"[128,227] J",100,27,0.57446809,1
"[128,327] Y",100,3,0.06666667,1
"[128,327] J",200,56,0.57142857,1
"[128,627] Y",250,1,0.008,1
"[128,627] J",500,116,0.47933884,1
"[128,1127] Y",500,-4,0.016,1
"[128,1127] J",1000,155,0.31187123,1
"[128,2127] Y",1000,-2,0.00393701,1
"[128,2127] J",2000,-15,0.0148662,1
"[128,10127] Y",5000,-21,0.00841009,1
"[128,100127] Y",50000,-64,0.00256205,1
"[163,182] Y",10,2,0.33333333,1
"[163,182] J",20,9,0.69230769,1
"[163,212] Y",25,2,0.125,1
"[163,212] J",50,15,0.51724138,1
"[163,262] Y",50,1,0.04347826,1
"[163,262] J",100,29,0.56862745,1
"[163,362] Y",100,-2,0.04347826,1
"[163,362] J",200,44,0.47826087,1
"[163,662] Y",250,-6,0.04761905,1
"[163,662] J",500,83,0.32806324,1
"[163,1162] Y",500,-9,0.03529412,1
"[163,1162] J",1000,128,0.2519685,1
"[163,2162] Y",1000,-8,0.01574803,1
"[163,2162] J",2000,-29,0.02897103,1
"[163,10162] Y",5000,-26,0.01042502,1
"[163,100162] Y",50000,-69,0.0027621,1
"[173,192] Y",10,2,0.33333333,1
"[173,192] J",20,12,0.75,1
"[173,222] Y",25,2,0.14285714,1
"[173,222] J",50,13,0.52,1
"[173,272] Y",50,2,0.08333333,1
"[173,272] J",100,28,0.56,1
"[173,372] Y",100,-1,0.02222222,1
"[173,372] J",200,48,0.5106383,1
"[173,672] Y",250,-8,0.06349206,1
"[173,672] J",500,74,0.2890625,1
"[173,1172] Y",500,-11,0.04313725,1
"[173,1172] J",1000,124,0.24505929,1
"[173,2172] Y",1000,-7,0.01380671,1
"[173,2172] J",2000,-30,0.03006012,1
"[173,10172] Y",5000,-24,0.0096231,1
"[173,100172] Y",50000,-69,0.0027621,1
"[193,212] Y",10,1,0.14285714,1
"[193,212] J",20,2,0.25,1
"[193,242] Y",25,-1,0.09090909,1
"[193,242] J",50,9,0.42857143,1
"[193,292] Y",50,-2,0.1,1
"[193,292] J",100,16,0.42105263,1
"[193,392] Y",100,-2,0.04545455,1
"[193,392] J",200,47,0.50537634,1
"[193,692] Y",250,-13,0.1023622,1
"[193,692] J",500,58,0.23387097,1
"[193,1192] Y",500,-11,0.04347826,1
"[193,1192] J",1000,114,0.23076923,1
"[193,2192] Y",1000,-3,0.00589391,1
"[193,2192] J",2000,-36,0.03636364,1
"[193,10192] Y",5000,-30,0.01202887,1
"[193,100192] Y",50000,-71,0.00284216,1
"[229,248] Y",10,0,0.0,1
"[229,248] J",20,10,0.71428571,1
"[229,278] Y",25,1,0.11111111,1
"[229,278] J",50,14,0.63636364,1
"[229,328] Y",50,-2,0.1,1
"[229,328] J",100,28,0.56,1
"[229,428] Y",100,1,0.02439024,1
"[229,428] J",200,50,0.55555556,1
"[229,728] Y",250,-5,0.03937008,1
"[229,728] J",500,63,0.25714286,1
"[229,1228] Y",500,-12,0.046875,1
"[229,1228] J",1000,108,0.21774194,1
"[229,2228] Y",1000,-7,0.01375246,1
"[229,2228] J",2000,-33,0.0330993,1
"[229,10228] Y",5000,-35,0.01402806,1
"[229,100228] Y",50000,-75,0.00300228,1
"[256,275] Y",10,0,0.0,1
"[256,275] J",20,0,0.0,1
"[256,305] Y",25,-3,0.42857143,1
"[256,305] J",50,5,0.33333333,1
"[256,355] Y",50,-3,0.14285714,1
"[256,355] J",100,14,0.36842105,1
"[256,455] Y",100,-2,0.04545455,1
"[256,455] J",200,41,0.47126437,1
"[256,755] Y",250,-3,0.02362205,1
"[256,755] J",500,65,0.26530612,1
"[256,1255] Y",500,-16,0.0610687,1
"[256,1255] J",1000,78,0.15537849,1
"[256,2255] Y",1000,-8,0.0155642,1
"[256,2255] J",2000,-34,0.03393214,1
"[256,10255] Y",5000,-34,0.01361089,1
"[256,100255] Y",50000,-78,0.003122,1
"[326,345] Y",10,-2,0.5,1
"[326,345] J",20,-2,0.5,1
"[326,375] Y",25,3,0.23076923,1
"[326,375] J",50,10,0.5,1
"[326,425] Y",50,5,0.23809524,1
"[326,425] J",100,24,0.6,1
"[326,525] Y",100,8,0.14285714,1
"[326,525] J",200,48,0.5,1
"[326,825] Y",250,-2,0.015625,1
"[326,825] J",500,63,0.25925926,1
"[326,1325] Y",500,-14,0.05343511,1
"[326,1325] J",1000,43,0.08514851,1
"[326,2325] Y",1000,-7,0.01364522,1
"[326,2325] J",2000,-26,0.02579365,1
"[326,10325] Y",5000,-31,0.01242485,1
"[326,100325] Y",50000,-76,0.00304292,1
"[346,365] Y",10,4,0.66666667,1
"[346,365] J",20,6,0.75,1
"[346,395] Y",25,4,0.33333333,1
"[346,395] J",50,21,0.72413793,1
"[346,445] Y",50,5,0.2173913,1
"[346,445] J",100,26,0.59090909,1
"[346,545] Y",100,6,0.10344828,1
"[346,545] J",200,54,0.50943396,1
"[346,845] Y",250,-3,0.02325581,1
"[346,845] J",500,64,0.2601626,1
"[346,1345] Y",500,-11,0.0418251,1
"[346,1345] J",1000,46,0.09090909,1
"[346,2345] Y",1000,-4,0.0077821,1
"[346,2345] J",2000,-23,0.02279485,1
"[346,10345] Y",5000,-32,0.01282051,1
"[346,100345] Y",50000,-72,0.00288254,1
"[357,376] Y",10,2,0.33333333,1
"[357,376] J",20,10,0.71428571,1
"[357,406] Y",25,1,0.11111111,1
"[357,406] J",50,20,0.71428571,1
"[357,456] Y",50,1,0.04347826,1
"[357,456] J",100,28,0.56,1
"[357,556] Y",100,4,0.06896552,1
"[357,556] J",200,58,0.51785714,1
"[357,856] Y",250,-6,0.046875,1
"[357,856] J",500,67,0.26693227,1
"[357,1356] Y",500,-16,0.06060606,1
"[357,1356] J",1000,41,0.08086785,1
"[357,2356] Y",1000,-7,0.01364522,1
"[357,2356] J",2000,-26,0.02579365,1
"[357,10356] Y",5000,-35,0.01402806,1
"[357,100356] Y",50000,-77,0.00308284,1
"[386,405] Y",10,0,0.0,1
"[386,405] J",20,7,0.77777778,1
"[386,435] Y",25,4,0.4,1
"[386,435] J",50,11,0.64705882,1
"[386,485] Y",50,1,0.03703704,1
"[386,485] J",100,29,0.52727273,1
"[386,585] Y",100,4,0.07142857,1
"[386,585] J",200,55,0.51401869,1
"[386,885] Y",250,-8,0.06349206,1
"[386,885] J",500,67,0.26693227,1
"[386,1385] Y",500,-16,0.06015038,1
"[386,1385] J",1000,21,0.04158416,1
"[386,2385] Y",1000,-4,0.0077821,1
"[386,2385] J",2000,-35,0.03510532,1
"[386,10385] Y",5000,-41,0.01643287,1
"[386,100385] Y",50000,-78,0.00312275,1
"[458,477] Y",10,0,0.0,1
"[458,477] J",20,10,0.625,1
"[458,507] Y",25,4,0.22222222,1
"[458,507] J",50,17,0.5483871,1
"[458,557] Y",50,1,0.02857143,1
"[458,557] J",100,28,0.4516129,1
"[458,657] Y",100,-5,0.0877193,1
"[458,657] J",200,15,0.13761468,1
"[458,957] Y",250,-2,0.01538462,1
"[458,957] J",500,65,0.26315789,1
"[458,1457] Y",500,-21,0.07749077,1
"[458,1457] J",1000,-28,0.05343511,1
"[458,2457] Y",1000,-7,0.01364522,1
"[458,2457] J",2000,-81,0.0802775,1
"[458,10457] Y",5000,-41,0.01638034,1
"[458,100457] Y",50000,-78,0.0031225,1
"[512,531] Y",10,0,0.0,1
"[512,531] J",20,1,0.14285714,1
"[512,561] Y",25,-4,0.25,1
"[512,561] J",50,12,0.375,1
"[512,611] Y",50,-7,0.28,1
"[512,611] J",100,16,0.33333333,1
"[512,711] Y",100,-13,0.24528302,1
"[512,711] J",200,-15,0.14851485,1
"[512,1011] Y",250,-8,0.06451613,1
"[512,1011] J",500,71,0.28063241,1
"[512,1511] Y",500,-30,0.11363636,1
"[512,1511] J",1000,-50,0.09920635,1
"[512,2511] Y",1000,-14,0.02734375,1
"[512,2511] J",2000,-122,0.12007874,1
"[512,10511] Y",5000,-46,0.01842949,1
"[512,100511] Y",50000,-82,0.00328341,1
"[714,733] Y",10,4,0.66666667,1
"[714,733] J",20,6,0.75,1
"[714,763] Y",25,4,0.33333333,1
"[714,763] J",50,21,0.72413793,1
"[714,813] Y",50,2,0.08333333,1
"[714,813] J",100,29,0.56862745,1
"[714,913] Y",100,-2,0.04347826,1
"[714,913] J",200,54,0.52941176,1
"[714,1213] Y",250,-5,0.03875969,1
"[714,1213] J",500,49,0.19678715,1
"[714,1713] Y",500,-14,0.05691057,1
"[714,1713] J",1000,-55,0.11156187,1
"[714,2713] Y",1000,-5,0.01006036,1
"[714,2713] J",2000,-60,0.05976096,1
"[714,10713] Y",5000,-33,0.01323706,1
"[714,100713] Y",50000,-74,0.00296403,1
"[961,980] Y",10,-1,0.2,1
"[961,980] J",20,9,0.6,1
"[961,1010] Y",25,1,0.07692308,1
"[961,1010] J",50,26,0.68421053,1
"[961,1060] Y",50,-2,0.09090909,1
"[961,1060] J",100,29,0.54716981,1
"[961,1160] Y",100,-6,0.10714286,1
"[961,1160] J",200,-8,0.06666667,1
"[961,1460] Y",250,-20,0.14084507,1
"[961,1460] J",500,-94,0.3381295,1
"[961,1960] Y",500,-12,0.04761905,1
"[961,1960] J",1000,-127,0.24853229,1
"[961,2960] Y",1000,-17,0.03420523,1
"[961,2960] J",2000,-181,0.18081918,1
"[961,10960] Y",5000,-27,0.01082164,1
"[961,100960] Y",50000,-75,0.00300372,1
"[1000,1019] Y",10,0,0.0,1
"[1000,1019] J",20,10,0.71428571,1
"[1000,1049] Y",25,-1,0.11111111,1
"[1000,1049] J",50,11,0.52380952,1
"[1000,1099] Y",50,-9,0.36,1
"[1000,1099] J",100,-2,0.04761905,1
"[1000,1199] Y",100,-10,0.17857143,1
"[1000,1199] J",200,-31,0.30693069,1
"[1000,1499] Y",250,-22,0.15714286,1
"[1000,1499] J",500,-115,0.44747082,1
"[1000,1999] Y",500,-11,0.04347826,1
"[1000,1999] J",1000,-145,0.29411765,1
"[1000,2999] Y",1000,-21,0.04225352,1
"[1000,2999] J",2000,-204,0.20773931,1
"[1000,10999] Y",5000,-28,0.01122694,1
"[1000,100999] Y",50000,-77,0.00308382,1
"[1024,1043] Y",10,-1,0.33333333,1
"[1024,1043] J",20,-1,0.33333333,1
"[1024,1073] Y",25,-6,0.42857143,1
"[1024,1073] J",50,-6,0.42857143,1
"[1024,1123] Y",50,-7,0.24137931,1
"[1024,1123] J",100,-24,0.52173913,1
"[1024,1223] Y",100,-10,0.16666667,1
"[1024,1223] J",200,-43,0.46236559,1
"[1024,1523] Y",250,-20,0.14084507,1
"[1024,1523] J",500,-126,0.50806452,1
"[1024,2023] Y",500,-10,0.03937008,1
"[1024,2023] J",1000,-156,0.32365145,1
"[1024,3023] Y",1000,-25,0.0501002,1
"[1024,3023] J",2000,-220,0.22633745,1
"[1024,11023] Y",5000,-25,0.01001201,1
"[1024,101023] Y",50000,-77,0.00308358,1
"[2048,2067] Y",10,-2,0.25,1
"[2048,2067] J",20,-12,0.66666667,1
"[2048,2097] Y",25,0,0.0,1
"[2048,2097] J",50,-25,0.6097561,1
"[2048,2147] Y",50,1,0.03030303,1
"[2048,2147] J",100,-33,0.49253731,1
"[2048,2247] Y",100,0,0.0,1
"[2048,2247] J",200,-15,0.12820513,1
"[2048,2547] Y",250,-2,0.01470588,1
"[2048,2547] J",500,-38,0.14285714,1
"[2048,3047] Y",500,-23,0.09311741,1
"[2048,3047] J",1000,-72,0.14634146,1
"[2048,4047] Y",1000,-10,0.01984127,1
"[2048,4047] J",2000,-5,0.0049554,1
"[2048,12047] Y",5000,-61,0.02425447,1
"[2048,102047] Y",50000,-83,0.00332253,1
"[4096,4115] Y",10,-2,1.0,1
"[4096,4115] J",20,-2,1.0,1
"[4096,4145] Y",25,0,0.0,1
"[4096,4145] J",50,0,0.0,1
"[4096,4195] Y",50,-6,0.375,1
"[4096,4195] J",100,-6,0.375,1
"[4096,4295] Y",100,-11,0.28205128,1
"[4096,4295] J",200,24,0.32432432,1
"[4096,4595] Y",250,-10,0.08196721,1
"[4096,4595] J",500,108,0.45,1
"[4096,5095] Y",500,-18,0.06976744,1
"[4096,5095] J",1000,72,0.14814815,1
"[4096,6095] Y",1000,-20,0.04016064,1
"[4096,6095] J",2000,-111,0.11155779,1
"[4096,14095] Y",5000,-50,0.01984127,1
"[4096,104095] Y",50000,-68,0.00272065,1
"[8192,8211] Y",10,1,0.33333333,1
"[8192,8211] J",20,1,0.33333333,1
"[8192,8241] Y",25,5,0.45454545,1
"[8192,8241] J",50,5,0.45454545,1
"[8192,8291] Y",50,1,0.04347826,1
"[8192,8291] J",100,6,0.21428571,1
"[8192,8391] Y",100,6,0.13043478,1
"[8192,8391] J",200,61,0.6039604,1
"[8192,8691] Y",250,5,0.04347826,1
"[8192,8691] J",500,117,0.5154185,1
"[8192,9191] Y",500,-10,0.03816794,1
"[8192,9191] J",1000,91,0.17202268,1
"[8192,10191] Y",1000,-25,0.0501002,1
"[8192,10191] J",2000,-132,0.13552361,1
"[8192,18191] Y",5000,-84,0.03328051,1
"[8192,108191] Y",50000,-90,0.00360115,1
"[10000,10019] Y",10,0,0.0,1
"[10000,10019] J",20,0,0.0,1
"[10000,10049] Y",25,1,0.11111111,1
"[10000,10049] J",50,1,0.11111111,1
"[10000,10099] Y",50,-4,0.16666667,1
"[10000,10099] J",100,-4,0.16666667,1
"[10000,10199] Y",100,-12,0.27272727,1
"[10000,10199] J",200,-12,0.27272727,1
"[10000,10499] Y",250,-23,0.19327731,1
"[10000,10499] J",500,-124,0.56363636,1
"[10000,10999] Y",500,-10,0.04132231,1
"[10000,10999] J",1000,-214,0.47982063,1
"[10000,11999] Y",1000,-45,0.08737864,1
"[10000,11999] J",2000,-306,0.30909091,1
"[10000,19999] Y",5000,-54,0.02154828,1
"[10000,109999] Y",50000,-95,0.00380228,1
"[16384,16403] Y",10,-1,1.0,1
"[16384,16403] J",20,-1,1.0,1
"[16384,16433] Y",25,-3,0.33333333,1
"[16384,16433] J",50,-3,0.33333333,1
"[16384,16483] Y",50,-1,0.04761905,1
"[16384,16483] J",100,-1,0.04761905,1
"[16384,16583] Y",100,3,0.06122449,1
"[16384,16583] J",200,3,0.06122449,1
"[16384,16883] Y",250,8,0.0625,1
"[16384,16883] J",500,-113,0.45381526,1
"[16384,17383] Y",500,2,0.00719424,1
"[16384,17383] J",1000,-238,0.45945946,1
"[16384,18383] Y",1000,6,0.01153846,1
"[16384,18383] J",2000,-308,0.31048387,1
"[16384,26383] Y",5000,11,0.00440882,1
"[16384,116383] Y",50000,-54,0.00216104,1
"[29791,29810] Y",10,0,0.0,1
"[29791,29810] J",20,0,0.0,1
"[29791,29840] Y",25,-1,0.2,1
"[29791,29840] J",50,-1,0.2,1
"[29791,29890] Y",50,0,0.0,1
"[29791,29890] J",100,0,0.0,1
"[29791,29990] Y",100,11,0.23404255,1
"[29791,29990] J",200,-20,0.25641026,1
"[29791,30290] Y",250,14,0.1147541,1
"[29791,30290] J",500,-159,0.53898305,1
"[29791,30790] Y",500,22,0.08661417,1
"[29791,30790] J",1000,-234,0.45882353,1
"[29791,31790] Y",1000,26,0.05058366,1
"[29791,31790] J",2000,-145,0.13955727,1
"[29791,39790] Y",5000,42,0.01693548,1
"[29791,129790] Y",50000,-84,0.00335866,1
"[32768,32787] Y",10,-2,0.33333333,1
"[32768,32787] J",20,-12,0.75,1
"[32768,32817] Y",25,-2,0.14285714,1
"[32768,32817] J",50,-27,0.69230769,1
"[32768,32867] Y",50,-6,0.21428571,1
"[32768,32867] J",100,-56,0.71794872,1
"[32768,32967] Y",100,-2,0.03703704,1
"[32768,32967] J",200,-102,0.66233766,1
"[32768,33267] Y",250,6,0.04347826,1
"[32768,33267] J",500,-172,0.5443038,1
"[32768,33767] Y",500,9,0.03585657,1
"[32768,33767] J",1000,-308,0.54225352,1
"[32768,34767] Y",1000,22,0.04583333,1
"[32768,34767] J",2000,-154,0.15009747,1
"[32768,42767] Y",5000,32,0.01292407,1
"[32768,132767] Y",50000,-112,0.00448359,1
"[65536,65555] Y",10,0,,1
"[65536,65555] J",20,0,,1
"[65536,65585] Y",25,1,0.14285714,1
"[65536,65585] J",50,1,0.14285714,1
"[65536,65635] Y",50,1,0.05263158,1
"[65536,65635] J",100,1,0.05263158,1
"[65536,65735] Y",100,6,0.13636364,1
"[65536,65735] J",200,6,0.13636364,1
"[65536,66035] Y",250,0,0.0,1
"[65536,66035] J",500,0,0.0,1
"[65536,66535] Y",500,6,0.02727273,1
"[65536,66535] J",1000,249,0.53779698,1
"[65536,67535] Y",1000,25,0.0513347,1
"[65536,67535] J",2000,509,0.52420185,1
"[65536,75535] Y",5000,7,0.00281237,1
"[65536,165535] Y",50000,-170,0.00679456,1
"[99856,99875] Y",10,0,,1
"[99856,99875] J",20,0,,1
"[99856,99905] Y",25,-2,0.33333333,1
"[99856,99905] J",50,-2,0.33333333,1
"[99856,99955] Y",50,-3,0.14285714,1
"[99856,99955] J",100,-3,0.14285714,1
"[99856,100055] Y",100,-9,0.2,1
"[99856,100055] J",200,-9,0.2,1
"[99856,100355] Y",250,-23,0.20720721,1
"[99856,100355] J",500,-23,0.20720721,1
"[99856,100855] Y",500,-22,0.09565217,1
"[99856,100855] J",1000,161,0.38983051,1
"[99856,101855] Y",1000,-28,0.05668016,1
"[99856,101855] J",2000,242,0.28205128,1
"[99856,109855] Y",5000,-63,0.02518992,1
"[99856,199855] Y",50000,-70,0.00279709,1
"[131072,131091] Y",10,0,0.0,1
"[131072,131091] J",20,0,0.0,1
"[131072,131121] Y",25,0,0.0,1
"[131072,131121] J",50,0,0.0,1
"[131072,131171] Y",50,4,0.15384615,1
"[131072,131171] J",100,4,0.15384615,1
"[131072,131271] Y",100,9,0.16981132,1
"[131072,131271] J",200,9,0.16981132,1
"[131072,131571] Y",250,-7,0.056,1
"[131072,131571] J",500,-7,0.056,1
"[131072,132071] Y",500,-1,0.00404858,1
"[131072,132071] J",1000,150,0.37688442,1
"[131072,133071] Y",1000,5,0.01075269,1
"[131072,133071] J",2000,368,0.44444444,1
"[131072,141071] Y",5000,78,0.03170732,1
"[131072,231071] Y",50000,127,0.00508386,1
"[262144,262163] Y",10,0,,1
"[262144,262163] J",20,0,,1
"[262144,262193] Y",25,-1,0.14285714,1
"[262144,262193] J",50,-1,0.14285714,1
"[262144,262243] Y",50,0,0.0,1
"[262144,262243] J",100,0,0.0,1
"[262144,262343] Y",100,1,0.02325581,1
"[262144,262343] J",200,1,0.02325581,1
"[262144,262643] Y",250,8,0.06666667,1
"[262144,262643] J",500,8,0.06666667,1
"[262144,263143] Y",500,6,0.02362205,1
"[262144,263143] J",1000,6,0.02362205,1
"[262144,264143] Y",1000,-19,0.03675048,1
"[262144,264143] J",2000,-506,0.50398406,1
"[262144,272143] Y",5000,-122,0.04907482,1
"[262144,362143] Y",50000,-202,0.00807935,1
"[524288,524307] Y",10,-2,0.5,1
"[524288,524307] J",20,-2,0.5,1
"[524288,524337] Y",25,-4,0.33333333,1
"[524288,524337] J",50,-4,0.33333333,1
"[524288,524387] Y",50,-5,0.2173913,1
"[524288,524387] J",100,-5,0.2173913,1
"[524288,524487] Y",100,-5,0.10638298,1
"[524288,524487] J",200,-5,0.10638298,1
"[524288,524787] Y",250,-9,0.07692308,1
"[524288,524787] J",500,-9,0.07692308,1
"[524288,525287] Y",500,-27,0.11790393,1
"[524288,525287] J",1000,-27,0.11790393,1
"[524288,526287] Y",1000,-42,0.09012876,1
"[524288,526287] J",2000,-373,0.46800502,1
"[524288,534287] Y",5000,-45,0.01790688,1
"[524288,624287] Y",50000,-69,0.00275372,1
"[999901,1000000] Y",50,0,0.0,1
"[999901,1000000] J",100,-49,0.75384615,1
"[1,20] J2",20,-7,0.63636364,2
"[37,56] J2",20,2,0.5,2
"[163,182] J2",20,-4,0.66666667,2
"[173,192] J2",20,2,1.0,2
"[1,50] J2",50,1,0.04347826,2
"[37,86] J2",50,12,0.85714286,2
"[163,212] J2",50,-14,0.63636364,2
"[173,222] J2",50,-15,0.65217391,2
"[1,100] J2",100,21,0.46666667,2
"[37,136] J2",100,7,0.17073171,2
"[163,262] J2",100,-16,0.4,2
"[173,272] J2",100,-14,0.38888889,2
"[1,200] J2",200,-7,0.08045977,2
"[37,236] J2",200,-23,0.25842697,2
"[163,362] J2",200,-15,0.2238806,2
"[173,372] J2",200,-10,0.15625,2
"[1,500] J2",500,-33,0.18644068,2
"[37,536] J2",500,-41,0.24848485,2
"[163,662] J2",500,-67,0.40606061,2
"[173,672] J2",500,-72,0.42857143,2
"[1,1000] J2",1000,-159,0.38498789,2
"[37,1036] J2",1000,-169,0.41320293,2
"[163,1162] J2",1000,-163,0.35824176,2
"[173,1172] J2",1000,-167,0.36383442,2
