A,B,length,D,abs_D,normalized_D,output_size
10,19,10,5,5,0.5,5
1014,1033,20,10,10,0.5,10
55670,55719,50,25,25,0.5,25
813554,813653,100,-50,50,0.5,50
817066,817265,200,48,48,0.24,100
85178,85677,500,58,58,0.116,250
222446,223445,1000,92,92,0.092,500
523180,525179,2000,126,126,0.063,1000
950222,955221,5000,204,204,0.0408,2500
650084,660083,10000,230,230,0.023,5000
275056,295055,20000,-252,252,0.0126,10000
630482,680481,50000,256,256,0.00512,25000
879930,979929,100000,326,326,0.00326,50000
1,100,100,-2,2,0.02,50
2,101,100,-2,2,0.02,50
4,103,100,-2,2,0.02,50
8,107,100,-2,2,0.02,50
9,108,100,-2,2,0.02,50
16,115,100,-8,8,0.08,50
27,126,100,-12,12,0.12,50
32,131,100,-18,18,0.18,50
37,136,100,-16,16,0.16,50
64,163,100,-10,10,0.1,50
74,173,100,-12,12,0.12,50
100,199,100,-12,12,0.12,50
128,227,100,0,0,0.0,50
163,262,100,4,4,0.04,50
173,272,100,2,2,0.02,50
193,292,100,10,10,0.1,50
229,328,100,10,10,0.1,50
256,355,100,8,8,0.08,50
326,425,100,8,8,0.08,50
346,445,100,4,4,0.04,50
357,456,100,4,4,0.04,50
386,485,100,-4,4,0.04,50
458,557,100,-20,20,0.2,50
512,611,100,0,0,0.0,50
714,813,100,2,2,0.02,50
961,1060,100,6,6,0.06,50
1000,1099,100,0,0,0.0,50
1024,1123,100,-8,8,0.08,50
2048,2147,100,-16,16,0.16,50
4096,4195,100,18,18,0.18,50
8192,8291,100,4,4,0.04,50
10000,10099,100,2,2,0.02,50
16384,16483,100,8,8,0.08,50
29791,29890,100,14,14,0.14,50
32768,32867,100,-6,6,0.06,50
65536,65635,100,12,12,0.12,50
99856,99955,100,8,8,0.08,50
131072,131171,100,-2,2,0.02,50
262144,262243,100,14,14,0.14,50
524288,524387,100,4,4,0.04,50
1,1000,1000,-6,6,0.006,500
2,1001,1000,-4,4,0.004,500
4,1003,1000,-4,4,0.004,500
8,1007,1000,-4,4,0.004,500
9,1008,1000,-4,4,0.004,500
16,1015,1000,-6,6,0.006,500
27,1026,1000,-4,4,0.004,500
32,1031,1000,-4,4,0.004,500
37,1036,1000,-2,2,0.002,500
64,1063,1000,-2,2,0.002,500
74,1073,1000,-8,8,0.008,500
100,1099,1000,-4,4,0.004,500
128,1127,1000,0,0,0.0,500
163,1162,1000,-10,10,0.01,500
173,1172,1000,-10,10,0.01,500
193,1192,1000,-6,6,0.006,500
229,1228,1000,-12,12,0.012,500
256,1255,1000,-24,24,0.024,500
326,1325,1000,-24,24,0.024,500
346,1345,1000,-26,26,0.026,500
357,1356,1000,-28,28,0.028,500
386,1385,1000,-32,32,0.032,500
458,1457,1000,-42,42,0.042,500
512,1511,1000,-28,28,0.028,500
714,1713,1000,8,8,0.008,500
961,1960,1000,-4,4,0.004,500
1000,1999,1000,-6,6,0.006,500
1024,2023,1000,-8,8,0.008,500
2048,3047,1000,6,6,0.006,500
4096,5095,1000,-16,16,0.016,500
8192,9191,1000,-24,24,0.024,500
10000,10999,1000,16,16,0.016,500
16384,17383,1000,-56,56,0.056,500
29791,30790,1000,-8,8,0.008,500
32768,33767,1000,-2,2,0.002,500
65536,66535,1000,60,60,0.06,500
99856,100855,1000,40,40,0.04,500
131072,132071,1000,6,6,0.006,500
262144,263143,1000,-8,8,0.008,500
524288,525287,1000,42,42,0.042,500
1,10000,10000,-10,10,0.001,5000
2,10001,10000,-8,8,0.0008,5000
4,10003,10000,-6,6,0.0006,5000
8,10007,10000,-4,4,0.0004,5000
9,10008,10000,-4,4,0.0004,5000
16,10015,10000,-2,2,0.0002,5000
27,10026,10000,-8,8,0.0008,5000
32,10031,10000,-12,12,0.0012,5000
37,10036,10000,-8,8,0.0008,5000
64,10063,10000,-6,6,0.0006,5000
74,10073,10000,-8,8,0.0008,5000
100,10099,10000,-6,6,0.0006,5000
128,10127,10000,6,6,0.0006,5000
163,10162,10000,12,12,0.0012,5000
173,10172,10000,12,12,0.0012,5000
193,10192,10000,12,12,0.0012,5000
229,10228,10000,10,10,0.001,5000
256,10255,10000,4,4,0.0004,5000
326,10325,10000,10,10,0.001,5000
346,10345,10000,8,8,0.0008,5000
357,10356,10000,10,10,0.001,5000
386,10385,10000,10,10,0.001,5000
458,10457,10000,-6,6,0.0006,5000
512,10511,10000,8,8,0.0008,5000
714,10713,10000,14,14,0.0014,5000
961,10960,10000,10,10,0.001,5000
1000,10999,10000,12,12,0.0012,5000
1024,11023,10000,6,6,0.0006,5000
2048,12047,10000,-30,30,0.003,5000
4096,14095,10000,-40,40,0.004,5000
8192,18191,10000,-48,48,0.0048,5000
10000,19999,10000,-12,12,0.0012,5000
16384,26383,10000,10,10,0.001,5000
29791,39790,10000,40,40,0.004,5000
32768,42767,10000,48,48,0.0048,5000
65536,75535,10000,22,22,0.0022,5000
99856,109855,10000,-2,2,0.0002,5000
131072,141071,10000,80,80,0.008,5000
262144,272143,10000,28,28,0.0028,5000
524288,534287,10000,-26,26,0.0026,5000
1,100000,100000,30,30,0.0003,50000
2,100001,100000,32,32,0.00032,50000
4,100003,100000,32,32,0.00032,50000
8,100007,100000,32,32,0.00032,50000
9,100008,100000,32,32,0.00032,50000
16,100015,100000,28,28,0.00028,50000
27,100026,100000,24,24,0.00024,50000
32,100031,100000,22,22,0.00022,50000
37,100036,100000,24,24,0.00024,50000
64,100063,100000,28,28,0.00028,50000
74,100073,100000,26,26,0.00026,50000
100,100099,100000,34,34,0.00034,50000
128,100127,100000,40,40,0.0004,50000
163,100162,100000,38,38,0.00038,50000
173,100172,100000,38,38,0.00038,50000
193,100192,100000,38,38,0.00038,50000
229,100228,100000,38,38,0.00038,50000
256,100255,100000,32,32,0.00032,50000
326,100325,100000,48,48,0.00048,50000
346,100345,100000,44,44,0.00044,50000
357,100356,100000,46,46,0.00046,50000
386,100385,100000,44,44,0.00044,50000
458,100457,100000,40,40,0.0004,50000
512,100511,100000,52,52,0.00052,50000
714,100713,100000,68,68,0.00068,50000
961,100960,100000,62,62,0.00062,50000
1000,100999,100000,62,62,0.00062,50000
1024,101023,100000,58,58,0.00058,50000
2048,102047,100000,38,38,0.00038,50000
4096,104095,100000,12,12,0.00012,50000
8192,108191,100000,16,16,0.00016,50000
10000,109999,100000,30,30,0.0003,50000
16384,116383,100000,24,24,0.00024,50000
29791,129790,100000,-20,20,0.0002,50000
32768,132767,100000,40,40,0.0004,50000
65536,165535,100000,-40,40,0.0004,50000
99856,199855,100000,-52,52,0.00052,50000
131072,231071,100000,38,38,0.00038,50000
262144,362143,100000,-4,4,4e-05,50000
524288,624287,100000,-114,114,0.00114,50000
1,1000000,1000000,146,146,0.000146,500000
