kind,n,L,H,L_next,r,rho,c,eta,score,L0,L1,L2,r0,r1,c2,u,v,product
c,42269,160057,1272630333269704879530768912004234664406424314542753796342803862209941926065056929394993682027249279527434822429878854856526889734071982276031430443063449149649526092038033109654779451218619555615760170293722788545246872622270286640824226378115734342816952140944694281040246374025597108076615483905200,1128109184994832350616284631794785737242980703231507925171055786537981798637744111668051715940483706269286176792680449029891782283877165762923957447827,10,7.048171495122565e+144,28.832519530102534,7.951107001066526e+294,28.832519530102534,,,,,,,,,
c,160057,160057,1272630333269704879530768912004234664406424314542753796342803862209941926065056929394993682027249279527434822429878854856526889734071982276031430443063449149649526092038033109654779451218619555615760170293722788545246872622270286640824226378115734342816952140944694281040246374025597108076615483905200,1128109184994832350616284631794785737242980703231507925171055786537981798637744111668051715940483706269286176792680449029891782283877165762923957447827,10,7.048171495122565e+144,28.832519530102534,7.951107001066526e+294,28.832519530102534,,,,,,,,,
c,184909,184909,5240125324466039832395635945656940483014584220804258446022432957762535623956878593499612755240622909543726308508802237294384025267206462436615240138847161605271119795630941705956744113000004666075551517603904955712973349863044667492778249799836471425706870802441787951401642570881411603654710114481638588,72388709924034699793827719199879802493902938533238241233912154991952110598470619102974157393829339739923722601875471620239047501787588613940599553750443,10,3.914828911736838e+146,28.832519529841495,2.833894144939424e+298,28.832519529841495,,,,,,,,,
c,191579,191579,40438783599914796485975251338248713131572812759755063044066138045082927025995997315727440030500192720695719557325340501153905400539367007881114292268015682095585807946267715634505108785686362146475780961381657175850957165369517760783616322850741202656147046832391464124139160420647142062033821105077567340,201093967089803060769870489487662404659540108940742697593497091145978599793321645579764084234074069778721521006516172936648132556417546159804361768983833,10,1.0496660233627019e+147,28.83251952864909,2.110815047573836e+299,28.83251952864909,,,,,,,,,
c,123501,123501,408673747461826855426274515638397688388342054377817857143881558206419368187480817086199039078906008597608702004620564172632459097643672127385298302051364458632725924720756844706732257572026572016094635368523016906628465969673576884006776005017325978511718597949316410062066317111167058951282558,639275955641870559650782345076618087193272344180286363214947704946109477150430948584589664927769034298675641587386299998961985191071932794281841575,10,5.1762816142530873e+141,28.832519526910286,3.3090723756230866e+288,28.832519526910286,,,,,,,,,
c,120823,120823,115439920438591180309562726804749878875965017179938053382249826534513329484248140529268224291621047561227174354989974925255534836210427726800988456885346451709680831496541797633268867629628201830537008023227160229802923428689166442796897310997517895185030423138559514964982316205491298035524110,339764507326164338294434549677232081851428174393504023414491426239757610123819867372050739023036383062856447940925870529059726550666519981171997425,10,2.812084680285743e+141,28.832519526545088,9.554465659567398e+287,28.832519526545088,,,,,,,,,
c,214103,214103,24579282721985881121097203430115952443778736364471999499450566694231232450614875304677738639213690021474309296009105895661466345357178075556261131165081887425017501474611313719478639491467326845499720839520717282564131951562778116912861385344235997347691913178262496065720952436408139590949823401758345209698,4957749763953993787845308327522027183136939632503433550294877850080093795800052016680334512929953923722032665302791012902958979185620809865098927253691761,10,2.3155909837573475e+148,28.832519526196936,1.1480120653136986e+302,28.832519526196936,,,,,,,,,
c,174607,174607,192171856256651779893967635119647762324163908997051037187595899944521909802716419537050723406078810573074595181268206339228746963207787330324462886167114643935713276237185114853217460953736144390332919858980601963042406498642799220416589150999505417349278085623049407905566644972442651421516929830602794,13862606401995686030946708275059008256384828614665930095688955025240861842296991838944332026647700688583642423930161419601696718795782223155717105399787,10,7.939318814248963e+145,28.83251952508998,1.1005965182189247e+297,28.83251952508998,,,,,,,,,
c,130885,130885,11632005167912012167963005987505133134328364880124273716129040307324359044115928169623251367234287764079344780797433419898015078473038311566128958878695064795374096974555195002902784058105351627552793266949855534724934093415412155263669511763809878342920384683463340052985890220066865703550890854,3410572557197986393245321503300133726804733697704382676889259993525114852457752427941771121219411256440457499572535756438675599572246035708258091305,10,2.6057780167307076e+142,28.832519524556766,8.887194994011545e+289,28.832519524556766,,,,,,,,,
c,101683,101683,5535688869355943659335522635781202645840586279691506472970335353625168864647993294475105101080713952796652802450530334950740389945000964317409533068586500763893123929254570415673027647677406444727747611386887198966936339721175281910924377846207499596848443120188658552064499498169009559024,2352804469002034104079117697859532151922088375207053297893866756804584837693097159966875693968712165027235587706834419119075188079907068275206415,10,2.3138621687027665e+139,28.832519523380263,5.444065251178607e+283,28.832519523380263,,,,,,,,,
c,205513,205513,2317851565831957837684384323613363472872367867145361655856251157282936408802555274348513658194902307475603093995585139492559750481983243089186678312122135175887586279497426579964053052384927941093845203688947917387244700142758060078208111707681586905443294662090881699121871479338903602635298635937346378078,1522449199754119164575056736994605612791878089432999538358322134625454858604813090911262025978088058903355458344038797357071537172304453616436574336450379,10,7.40804328560295e+147,28.83251952307947,1.1278369571910088e+301,28.83251952307947,,,,,,,,,
c,165445,165445,8587491112513640315512472058001017401163686259344733512626036770329198350211696991106246557797192705343979561358334815887805142349705155708393868175263548773454096508545212478925096097928108545604030958650102207178745435794510112831527966747087169810258084849512356457896403088877814948955792841181154,2930442136011840844536698241838561105197381707674488495452738084783240122838946417738885699011221437251002370197619924534971129700044983951547754718565,10,1.7712485333566084e+145,28.83251952288457,5.19054133549738e+295,28.83251952288457,,,,,,,,,
c2,557,,709944865657650948188,,,,,,48.6546124129161,557,26644790591,39675304007337375892729654472529766511691964376355212172310242433389570312827398694887064961617184766829494010785117419739039271364571,5,8,48.6546124129161,3.7968543751582144,12.814453125,7.12303483076075e+130
c2,42541,,8849476909758817492737271099348440019411256443313918131374173469086165106040882856568934035191969653565801817071782947142240555059920270108499778181050761778443897586688501255554,,,,,,32.43658445839648,42541,94071658376786456505152897877270131167554923157375883480285783622596849676818982852338267,1389030318912995434060125442533009428364785487227399827794105009440343799641021947839242549804683206249442257223858532749862962171954265140655007544979,9,3,32.43658445839648,19.221679679049764,1.6875,3.2651567168449156e+145
c2,17165,,1718856241218703214305797822337855249213647355268,,,,,,32.43658442735532,17165,1311051578397548482317509,227709626130609863557150678466149901898306177923714094368489635543787179205410376182418866998767718786122068105127204783055327052106200357,6,6,32.43658442735532,5.695312492045927,5.6953125,1.3265926369391775e+133
c2,26859,,4733169172447453087998673695051080832937207149627605615770089080074868573618,,,,,,32.43658440946909,26859,68798031748353477790416312743310628833,461898366893866967399340983635700843473458661659718391649323209718350163319114094918364585522689471021331013909452821805874237845607683524402125,7,5,32.43658440946909,8.542968733358114,3.796875,1.7197154283252056e+139
c2,30613,,9308101531345295842863224786600386883224436000729736786264734671536414659340102345766612797816440452743086329969520,,,,,,32.43658435203852,30613,3050918145631786012315986147383552875247524961785545014961,32171021039165965455800287762623624253392462215574215039120517332763902206907648995199430933153221778070118300627533051054011614130246202341854835,8,4,32.43658435203852,12.814453077348553,2.53125,1.0508940985583239e+141
c2,27043,,241588996506148073330005823180747549982720462379391031372144501516292728072235243698650404438916626887301472839015077130728090888988390358982608772873170534584303998609818,,,,,,32.43658429820221,27043,15543133419814296676415306015444251022251032340297947472665241182619076454512981273823,576396513518041773413254816833366369971212534956243019987207322851031612378871410406523811004445078870591488478128835119990614915375090301690795,9,3,32.43658429820221,19.22167958411983,1.6875,2.131407438220766e+139
c2,6193,,249655080070458,,,,,,32.43658429259715,18445,15800477,2347106104046554357068267916705859808253350837757197328964824767857162694945261965924652415934224693297355968364103093545805234239303625433,3,9,32.43658429259715,1.687499990632571,19.221679687499183,1.2724890778241011e+134
c2,18445,,249655080070458,,,,,,32.43658429259715,18445,15800477,2347106104046554357068267916705859808253350837757197328964824767857162694945261965924652415934224693297355968364103093545805234239303625433,3,9,32.43658429259715,1.687499990632571,19.221679687499183,1.2724890778241011e+134
c2,42269,,25618245314,,,,,,32.43658417484194,42269,160057,1128109184994832350616284631794785737242980703231507925171055786537981798637744111668051715940483706269286176792680449029891782283877165762923957447827,2,10,32.43658417484194,1.1249999897156608,28.832519530102534,2.668880704523013e+145
c2,18281,,6610941789202611123509544226706154669010232126600840860422201595098955892,,,,,,32.436583842568744,18281,2571175176685285891823639688323910893,1756785229885601930228932421274317177689613759602021565580021081067521350213642638692721960737247376965525565030597043797138150934074030393,7,5,32.436583842568744,8.542968584051028,3.796875,9.609896777449821e+133
c2,18367,,3860939233318699945452,,,,,,32.43658364213879,18367,62136456555,2045655843029688584609386191343107175629255207695025088500973453019744722905375309644731762238316908851322022297042407690206719858116171127,4,8,32.43658364213879,2.531249935189005,12.814453125,1.113766996803881e+134
c2,4583,,709944865657650948188,,,,,,32.436583124832836,13145,26644790591,39675304007337375892729654472529766511691964376355212172310242433389570312827398694887064961617184766829494010785117419739039271364571,4,8,32.436583124832836,2.5312498948200597,12.814453125,3.018281019957199e+129
rho,214103,214103,24579282721985881121097203430115952443778736364471999499450566694231232450614875304677738639213690021474309296009105895661466345357178075556261131165081887425017501474611313719478639491467326845499720839520717282564131951562778116912861385344235997347691913178262496065720952436408139590949823401758345209698,4957749763953993787845308327522027183136939632503433550294877850080093795800052016680334512929953923722032665302791012902958979185620809865098927253691761,10,2.3155909837573475e+148,28.832519526196936,1.1480120653136986e+302,2.3155909837573475e+148,,,,,,,,,
rho,212875,212875,17640729883639573409610325713328392906398111600554711702547777653589160575295154454853805092726381329917704006729634437753183105279408563306291852704379435516099375161521154579432225132248244040765220951518499412663802158172897245983486686915621599520197936175081036248903649512917952896396616847345670988296,4200086890010678506416591262809458654511983983991771174639043654560792844980258453917149491613131341609062370060848072186644340806360954673021582958678277,10,1.9730296606039593e+148,28.832519516734646,8.286896011104908e+301,1.9730296606039593e+148,,,,,,,,,
rho,205943,205943,2614750201336162480944938103550883089965935538353104340372496905469590562034794964314547926328662503308834442359084740861513018145836710368816571364559901724631303064742141838833295353950364450965527333186104408971463476266597357402773445137734082152768030918614470509960869491325351060207610303516460474420,1617018924235632587095627393983889040896532797107251651995691791291932153682741965398822267643397828457799356580981682264632891772669153554613284416765581,10,7.851779007956729e+147,28.832519519069592,1.2696475244782113e+301,7.851779007956729e+147,,,,,,,,,
rho,205513,205513,2317851565831957837684384323613363472872367867145361655856251157282936408802555274348513658194902307475603093995585139492559750481983243089186678312122135175887586279497426579964053052384927941093845203688947917387244700142758060078208111707681586905443294662090881699121871479338903602635298635937346378078,1522449199754119164575056736994605612791878089432999538358322134625454858604813090911262025978088058903355458344038797357071537172304453616436574336450379,10,7.40804328560295e+147,28.83251952307947,1.1278369571910088e+301,7.40804328560295e+147,,,,,,,,,
rho,196657,196657,182793072062938616348805137269185682218960001787312638251513982341941719568465030906815658942068117032273156914819081135692050146927322771215192813482626837657324283881896422241279890639412082426169261657490745608900363528544627493614666142059632527946374225954498901975627640199867538971561137699666309062,427543064571206225932984127096706185719856654971408192308775388591779493407289124957457271671294529060045025989486319880158318375808902131000991801626149,10,2.1740546462684076e+147,28.8325195156406,9.295019860108647e+299,2.1740546462684076e+147,,,,,,,,,
rho,191579,191579,40438783599914796485975251338248713131572812759755063044066138045082927025995997315727440030500192720695719557325340501153905400539367007881114292268015682095585807946267715634505108785686362146475780961381657175850957165369517760783616322850741202656147046832391464124139160420647142062033821105077567340,201093967089803060769870489487662404659540108940742697593497091145978599793321645579764084234074069778721521006516172936648132556417546159804361768983833,10,1.0496660233627019e+147,28.83251952864909,2.110815047573836e+299,1.0496660233627019e+147,,,,,,,,,
rho,190923,190923,33181582871318769142188531833916474291340114421939597880907603004137091575026954716279581619566353775055386408532897796204293471243033603009273892215738308526402037905776250474002559861351733533088091516549378899962989492740559230497757160286448795154184582128467243265987849490396949493227252570929361768,182158126009571061194648342565636547372481558579844469531272478334558117335747255476655544682620367139750481284053304362942838493721624761621297838392965,10,9.540921000066575e+146,28.832519515789862,1.73795628977749e+299,9.540921000066575e+146,,,,,,,,,
rho,184909,184909,5240125324466039832395635945656940483014584220804258446022432957762535623956878593499612755240622909543726308508802237294384025267206462436615240138847161605271119795630941705956744113000004666075551517603904955712973349863044667492778249799836471425706870802441787951401642570881411603654710114481638588,72388709924034699793827719199879802493902938533238241233912154991952110598470619102974157393829339739923722601875471620239047501787588613940599553750443,10,3.914828911736838e+146,28.832519529841495,2.833894144939424e+298,3.914828911736838e+146,,,,,,,,,
rho,182449,182449,2420634634976959902647236944063187067005685359391347728880347006352780485491569647643708457258406653811527233326617049243890059849905201279370671577059224399237522699508066830667628669906505164043178132324829756833965197521879418083094711456320027624179330203293236858780583889286275833358972377548897684,49199945477377918560250014661057971064753696607617655522853128891539418247593074108842393908423141352591646907587314966222688360731850309962917875394711,10,2.696641005287939e+146,28.832519518117895,1.3267459043222818e+298,2.696641005287939e+146,,,,,,,,,
rho,2164389,104269853,175775679455736502311065577534414462208034416139046713822352766771496717553825436725736298248857985906599635965476821628997555080563898177082452064996333955585760965430054031742231854830030703109694970344168855839286998542597676042878559874576452580790034238858626234365807636326080675959776082804638977450912,13258042067203456505672595215213008097293138152006715813565734166685998772602215524176824697372080388956945866966305160345372384786852261881003895999750199,9,1.271512492417483e+146,19.221679687499936,1.6857766113445704e+300,1.271512492417483e+146,,,,,,,,,
rho,13388561,104129945,166932772504246929349696061735545204528525233319649118039448374672078625282896168238541499244005986809839234261515465153974240212477517841600312661852726500541344162606492511669825350786756771512937171202375072460730904782529948771565275626668554711111507792607806165224183884051751729932297570108091234447740,12920246611587834910806506735538591137162441316806017130960580459066080768252961880044526313023221697626005934146772932513947976798295736935874874806442001,9,1.2407810847866898e+146,19.221679687499726,1.6031197606437507e+300,1.2407810847866898e+146,,,,,,,,,
rho,13381009,104063869,162908561011758465602916444292154662060473235898862745064072775415578468409698999624945078422835464261473895554006370708859194372067425381070724716773427411901297675426161193514284430621514012391912159939994541749302017639143420705344377078069239101054778293314292573870240946031117275313044296580040764538388,12763563805291939919433466387391787054855271314317093482347612872182401300887608764991628548927770258559496855902158007586399296905236944008456949371178659,9,1.2265125185084115e+146,19.22167968749992,1.565467078797142e+300,1.2265125185084115e+146,,,,,,,,,
eta,221317,221317,166144380442360040286622684695120239982752720697178222780816943997181985034704811065939728898367520723674609822317035959535937090634930704890424476871645280040537590178995183732186720501109043807386920407304278589836590792316176796091067496937549323341008065786274950557720960361538693632702956214944209621958,336946311882953277329775658839975946337,10,1.5224601448734316e+33,7.208129880196191,7.507077198875823e+302,7.507077198875823e+302,,,,,,,,,
eta,214103,214103,24579282721985881121097203430115952443778736364471999499450566694231232450614875304677738639213690021474309296009105895661466345357178075556261131165081887425017501474611313719478639491467326845499720839520717282564131951562778116912861385344235997347691913178262496065720952436408139590949823401758345209698,4957749763953993787845308327522027183136939632503433550294877850080093795800052016680334512929953923722032665302791012902958979185620809865098927253691761,10,2.3155909837573475e+148,28.832519526196936,1.1480120653136986e+302,1.1480120653136986e+302,,,,,,,,,
eta,212875,212875,17640729883639573409610325713328392906398111600554711702547777653589160575295154454853805092726381329917704006729634437753183105279408563306291852704379435516099375161521154579432225132248244040765220951518499412663802158172897245983486686915621599520197936175081036248903649512917952896396616847345670988296,4200086890010678506416591262809458654511983983991771174639043654560792844980258453917149491613131341609062370060848072186644340806360954673021582958678277,10,1.9730296606039593e+148,28.832519516734646,8.286896011104908e+301,8.286896011104908e+301,,,,,,,,,
eta,206127,206127,2752932522326115336609332607595740268552145620293531076788437243924133976876026190917419750943183461578876319692020405676669438454468922338350765475112325089719487258899099816989544072505876813200749554700593779326837276865192206076264056099370871144787088870860449565842262607272285410183890867855455511192,14206504162080441311,10,68921122230859.81,3.60406494119649,1.3355516367705906e+301,1.3355516367705906e+301,,,,,,,,,
eta,205943,205943,2614750201336162480944938103550883089965935538353104340372496905469590562034794964314547926328662503308834442359084740861513018145836710368816571364559901724631303064742141838833295353950364450965527333186104408971463476266597357402773445137734082152768030918614470509960869491325351060207610303516460474420,1617018924235632587095627393983889040896532797107251651995691791291932153682741965398822267643397828457799356580981682264632891772669153554613284416765581,10,7.851779007956729e+147,28.832519519069592,1.2696475244782113e+301,1.2696475244782113e+301,,,,,,,,,
eta,205513,205513,2317851565831957837684384323613363472872367867145361655856251157282936408802555274348513658194902307475603093995585139492559750481983243089186678312122135175887586279497426579964053052384927941093845203688947917387244700142758060078208111707681586905443294662090881699121871479338903602635298635937346378078,1522449199754119164575056736994605612791878089432999538358322134625454858604813090911262025978088058903355458344038797357071537172304453616436574336450379,10,7.40804328560295e+147,28.83251952307947,1.1278369571910088e+301,1.1278369571910088e+301,,,,,,,,,
eta,204225,204225,1613011208571442620952797267819854089319906948985971386662973864034561461875948899646028247245675619362645579704789533868772691719851909944507561907085551678052586828686060252965805556091284686344861579312779896603588030082948056005834618221008162062738620497832938770403113760884708045118556948101106716956,188779431176859637180829021770872514625,10,9.243698429519385e+32,7.208129882053704,7.898206431981602e+300,7.898206431981602e+300,,,,,,,,,
eta,203255,203255,1225759296519309092085144800430033317771985912717462302898958044422684960450814869202493599095488134567770958495488373499370597793517907810360290065627464154754876746269524038560846633420808505758176887021081141626849812392139881405781093654006900865869823983114897275325637270650712123391802445257877023280,3675045009,10,18080.957462301052,1.8020324699196784,6.030647691418706e+300,6.030647691418706e+300,,,,,,,,,
eta,202171,202171,900503140933728681464234373166535413475264083529841530631855041583311498561573214190470444914001410286147287699457355858435356222581388820989763840389067524307432056493868708809227854033612552601548500120484962709395252730346832017752804018243907199762429687187531108866587061171635796054605353375246222624,175513551410410190810212107581740375799,10,8.681440533529051e+32,7.208129881837669,4.454165735608612e+300,4.454165735608612e+300,,,,,,,,,
eta,201581,201581,760839509929873988468852582509400146794615634592591291890962068627828923330134833155842003452809026761993799906891046323969569947624319948414154718172377030476348792685311690262031280071860301395271211903876513563630846866755608752262642696189275667156550236782075585039231336314905051830393171898259811658,29534067579355604105486902036649543683674787039695533447017410640237039592811,10,1.465121592776879e+71,14.416259762720415,3.774361224172288e+300,3.774361224172288e+300,,,,,,,,,
eta,201477,201477,738531612030728105122507513347505256330966403225940263171950695763331671195924236832902494928231119648028571074631956240788113332759597399314734724842244476503552937829458913593186134618911735198414297987367807039810761632391081652239343105561967610735827514786782906302119029520971283017134874172413490412,13084980148418933195,10,64945279850399.47,3.6040649395719124,3.6655876950258744e+300,3.6655876950258744e+300,,,,,,,,,
eta,2164389,104269853,175775679455736502311065577534414462208034416139046713822352766771496717553825436725736298248857985906599635965476821628997555080563898177082452064996333955585760965430054031742231854830030703109694970344168855839286998542597676042878559874576452580790034238858626234365807636326080675959776082804638977450912,13258042067203456505672595215213008097293138152006715813565734166685998772602215524176824697372080388956945866966305160345372384786852261881003895999750199,9,1.271512492417483e+146,19.221679687499936,1.6857766113445704e+300,1.6857766113445704e+300,,,,,,,,,
