n,output,branch,defect,gcd_n_output,gcd_n_defect,gcd_output_defect,exact_equation_class
1,1,O,0,1,1,1,SQUARE
2,1,E,1,1,1,1,DELTA_1
3,5,O,2,1,1,1,DELTA_2
4,2,E,0,2,4,2,SQUARE
5,11,O,4,1,1,1,DELTA_4
6,2,E,2,2,2,2,DELTA_2
8,2,E,4,2,4,2,DELTA_4
9,27,O,0,9,9,27,SQUARE
10,3,E,1,1,1,1,DELTA_1
12,3,E,3,3,3,3,DELTA_3
14,3,E,5,1,1,1,DELTA_5
15,58,O,11,1,1,1,DELTA_11
16,4,E,0,4,16,4,SQUARE
17,70,O,13,1,1,1,DELTA_13
18,4,E,2,2,2,2,DELTA_2
20,4,E,4,4,4,4,DELTA_4
22,4,E,6,2,2,2,DELTA_6
24,4,E,8,4,8,4,DELTA_8
25,125,O,0,25,25,125,SQUARE
26,5,E,1,1,1,1,DELTA_1
28,5,E,3,1,1,1,DELTA_3
30,5,E,5,5,5,5,DELTA_5
32,5,E,7,1,1,1,DELTA_7
34,5,E,9,1,1,1,DELTA_9
36,6,E,0,6,36,6,SQUARE
38,6,E,2,2,2,2,DELTA_2
40,6,E,4,2,4,2,DELTA_4
42,6,E,6,6,6,6,DELTA_6
44,6,E,8,2,4,2,DELTA_8
46,6,E,10,2,2,2,DELTA_10
48,6,E,12,6,12,6,DELTA_12
49,343,O,0,49,49,343,SQUARE
50,7,E,1,1,1,1,DELTA_1
52,7,E,3,1,1,1,DELTA_3
54,7,E,5,1,1,1,DELTA_5
56,7,E,7,7,7,7,DELTA_7
58,7,E,9,1,1,1,DELTA_9
60,7,E,11,1,1,1,DELTA_11
62,7,E,13,1,1,1,DELTA_13
64,8,E,0,8,64,8,SQUARE
66,8,E,2,2,2,2,DELTA_2
68,8,E,4,4,4,4,DELTA_4
70,8,E,6,2,2,2,DELTA_6
72,8,E,8,8,8,8,DELTA_8
74,8,E,10,2,2,2,DELTA_10
76,8,E,12,4,4,4,DELTA_12
78,8,E,14,2,2,2,DELTA_14
80,8,E,16,8,16,8,DELTA_16
81,729,O,0,81,81,729,SQUARE
82,9,E,1,1,1,1,DELTA_1
84,9,E,3,3,3,3,DELTA_3
86,9,E,5,1,1,1,DELTA_5
88,9,E,7,1,1,1,DELTA_7
90,9,E,9,9,9,9,DELTA_9
92,9,E,11,1,1,1,DELTA_11
94,9,E,13,1,1,1,DELTA_13
96,9,E,15,3,3,3,DELTA_15
100,10,E,0,10,100,10,SQUARE
102,10,E,2,2,2,2,DELTA_2
104,10,E,4,2,4,2,DELTA_4
106,10,E,6,2,2,2,DELTA_6
108,10,E,8,2,4,2,DELTA_8
110,10,E,10,10,10,10,DELTA_10
112,10,E,12,2,4,2,DELTA_12
114,10,E,14,2,2,2,DELTA_14
116,10,E,16,2,4,2,DELTA_16
121,1331,O,0,121,121,1331,SQUARE
122,11,E,1,1,1,1,DELTA_1
124,11,E,3,1,1,1,DELTA_3
126,11,E,5,1,1,1,DELTA_5
128,11,E,7,1,1,1,DELTA_7
130,11,E,9,1,1,1,DELTA_9
132,11,E,11,11,11,11,DELTA_11
134,11,E,13,1,1,1,DELTA_13
136,11,E,15,1,1,1,DELTA_15
144,12,E,0,12,144,12,SQUARE
146,12,E,2,2,2,2,DELTA_2
148,12,E,4,4,4,4,DELTA_4
150,12,E,6,6,6,6,DELTA_6
152,12,E,8,4,8,4,DELTA_8
154,12,E,10,2,2,2,DELTA_10
156,12,E,12,12,12,12,DELTA_12
158,12,E,14,2,2,2,DELTA_14
160,12,E,16,4,16,4,DELTA_16
169,2197,O,0,169,169,2197,SQUARE
170,13,E,1,1,1,1,DELTA_1
172,13,E,3,1,1,1,DELTA_3
174,13,E,5,1,1,1,DELTA_5
176,13,E,7,1,1,1,DELTA_7
178,13,E,9,1,1,1,DELTA_9
180,13,E,11,1,1,1,DELTA_11
182,13,E,13,13,13,13,DELTA_13
184,13,E,15,1,1,1,DELTA_15
196,14,E,0,14,196,14,SQUARE
198,14,E,2,2,2,2,DELTA_2
200,14,E,4,2,4,2,DELTA_4
202,14,E,6,2,2,2,DELTA_6
204,14,E,8,2,4,2,DELTA_8
206,14,E,10,2,2,2,DELTA_10
208,14,E,12,2,4,2,DELTA_12
210,14,E,14,14,14,14,DELTA_14
212,14,E,16,2,4,2,DELTA_16
225,3375,O,0,225,225,3375,SQUARE
226,15,E,1,1,1,1,DELTA_1
228,15,E,3,3,3,3,DELTA_3
230,15,E,5,5,5,5,DELTA_5
232,15,E,7,1,1,1,DELTA_7
234,15,E,9,3,9,3,DELTA_9
236,15,E,11,1,1,1,DELTA_11
238,15,E,13,1,1,1,DELTA_13
240,15,E,15,15,15,15,DELTA_15
256,16,E,0,16,256,16,SQUARE
258,16,E,2,2,2,2,DELTA_2
260,16,E,4,4,4,4,DELTA_4
262,16,E,6,2,2,2,DELTA_6
264,16,E,8,8,8,8,DELTA_8
266,16,E,10,2,2,2,DELTA_10
268,16,E,12,4,4,4,DELTA_12
270,16,E,14,2,2,2,DELTA_14
272,16,E,16,16,16,16,DELTA_16
289,4913,O,0,289,289,4913,SQUARE
290,17,E,1,1,1,1,DELTA_1
292,17,E,3,1,1,1,DELTA_3
294,17,E,5,1,1,1,DELTA_5
296,17,E,7,1,1,1,DELTA_7
298,17,E,9,1,1,1,DELTA_9
300,17,E,11,1,1,1,DELTA_11
302,17,E,13,1,1,1,DELTA_13
304,17,E,15,1,1,1,DELTA_15
324,18,E,0,18,324,18,SQUARE
326,18,E,2,2,2,2,DELTA_2
328,18,E,4,2,4,2,DELTA_4
330,18,E,6,6,6,6,DELTA_6
332,18,E,8,2,4,2,DELTA_8
334,18,E,10,2,2,2,DELTA_10
336,18,E,12,6,12,6,DELTA_12
338,18,E,14,2,2,2,DELTA_14
340,18,E,16,2,4,2,DELTA_16
361,6859,O,0,361,361,6859,SQUARE
362,19,E,1,1,1,1,DELTA_1
364,19,E,3,1,1,1,DELTA_3
366,19,E,5,1,1,1,DELTA_5
368,19,E,7,1,1,1,DELTA_7
370,19,E,9,1,1,1,DELTA_9
372,19,E,11,1,1,1,DELTA_11
374,19,E,13,1,1,1,DELTA_13
376,19,E,15,1,1,1,DELTA_15
400,20,E,0,20,400,20,SQUARE
402,20,E,2,2,2,2,DELTA_2
404,20,E,4,4,4,4,DELTA_4
406,20,E,6,2,2,2,DELTA_6
408,20,E,8,4,8,4,DELTA_8
410,20,E,10,10,10,10,DELTA_10
412,20,E,12,4,4,4,DELTA_12
414,20,E,14,2,2,2,DELTA_14
416,20,E,16,4,16,4,DELTA_16
441,9261,O,0,441,441,9261,SQUARE
442,21,E,1,1,1,1,DELTA_1
444,21,E,3,3,3,3,DELTA_3
446,21,E,5,1,1,1,DELTA_5
448,21,E,7,7,7,7,DELTA_7
450,21,E,9,3,9,3,DELTA_9
452,21,E,11,1,1,1,DELTA_11
454,21,E,13,1,1,1,DELTA_13
456,21,E,15,3,3,3,DELTA_15
484,22,E,0,22,484,22,SQUARE
486,22,E,2,2,2,2,DELTA_2
488,22,E,4,2,4,2,DELTA_4
490,22,E,6,2,2,2,DELTA_6
492,22,E,8,2,4,2,DELTA_8
494,22,E,10,2,2,2,DELTA_10
496,22,E,12,2,4,2,DELTA_12
498,22,E,14,2,2,2,DELTA_14
500,22,E,16,2,4,2,DELTA_16
529,12167,O,0,529,529,12167,SQUARE
530,23,E,1,1,1,1,DELTA_1
532,23,E,3,1,1,1,DELTA_3
534,23,E,5,1,1,1,DELTA_5
536,23,E,7,1,1,1,DELTA_7
538,23,E,9,1,1,1,DELTA_9
540,23,E,11,1,1,1,DELTA_11
542,23,E,13,1,1,1,DELTA_13
544,23,E,15,1,1,1,DELTA_15
576,24,E,0,24,576,24,SQUARE
578,24,E,2,2,2,2,DELTA_2
580,24,E,4,4,4,4,DELTA_4
582,24,E,6,6,6,6,DELTA_6
584,24,E,8,8,8,8,DELTA_8
586,24,E,10,2,2,2,DELTA_10
588,24,E,12,12,12,12,DELTA_12
590,24,E,14,2,2,2,DELTA_14
592,24,E,16,8,16,8,DELTA_16
625,15625,O,0,625,625,15625,SQUARE
626,25,E,1,1,1,1,DELTA_1
628,25,E,3,1,1,1,DELTA_3
630,25,E,5,5,5,5,DELTA_5
632,25,E,7,1,1,1,DELTA_7
634,25,E,9,1,1,1,DELTA_9
636,25,E,11,1,1,1,DELTA_11
638,25,E,13,1,1,1,DELTA_13
640,25,E,15,5,5,5,DELTA_15
676,26,E,0,26,676,26,SQUARE
678,26,E,2,2,2,2,DELTA_2
680,26,E,4,2,4,2,DELTA_4
682,26,E,6,2,2,2,DELTA_6
684,26,E,8,2,4,2,DELTA_8
686,26,E,10,2,2,2,DELTA_10
688,26,E,12,2,4,2,DELTA_12
690,26,E,14,2,2,2,DELTA_14
692,26,E,16,2,4,2,DELTA_16
729,19683,O,0,729,729,19683,SQUARE
730,27,E,1,1,1,1,DELTA_1
732,27,E,3,3,3,3,DELTA_3
734,27,E,5,1,1,1,DELTA_5
736,27,E,7,1,1,1,DELTA_7
738,27,E,9,9,9,9,DELTA_9
740,27,E,11,1,1,1,DELTA_11
742,27,E,13,1,1,1,DELTA_13
744,27,E,15,3,3,3,DELTA_15
784,28,E,0,28,784,28,SQUARE
786,28,E,2,2,2,2,DELTA_2
788,28,E,4,4,4,4,DELTA_4
790,28,E,6,2,2,2,DELTA_6
792,28,E,8,4,8,4,DELTA_8
794,28,E,10,2,2,2,DELTA_10
796,28,E,12,4,4,4,DELTA_12
798,28,E,14,14,14,14,DELTA_14
800,28,E,16,4,16,4,DELTA_16
841,24389,O,0,841,841,24389,SQUARE
842,29,E,1,1,1,1,DELTA_1
844,29,E,3,1,1,1,DELTA_3
846,29,E,5,1,1,1,DELTA_5
848,29,E,7,1,1,1,DELTA_7
850,29,E,9,1,1,1,DELTA_9
852,29,E,11,1,1,1,DELTA_11
854,29,E,13,1,1,1,DELTA_13
856,29,E,15,1,1,1,DELTA_15
900,30,E,0,30,900,30,SQUARE
902,30,E,2,2,2,2,DELTA_2
904,30,E,4,2,4,2,DELTA_4
906,30,E,6,6,6,6,DELTA_6
908,30,E,8,2,4,2,DELTA_8
910,30,E,10,10,10,10,DELTA_10
912,30,E,12,6,12,6,DELTA_12
914,30,E,14,2,2,2,DELTA_14
916,30,E,16,2,4,2,DELTA_16
961,29791,O,0,961,961,29791,SQUARE
962,31,E,1,1,1,1,DELTA_1
964,31,E,3,1,1,1,DELTA_3
966,31,E,5,1,1,1,DELTA_5
968,31,E,7,1,1,1,DELTA_7
970,31,E,9,1,1,1,DELTA_9
972,31,E,11,1,1,1,DELTA_11
974,31,E,13,1,1,1,DELTA_13
976,31,E,15,1,1,1,DELTA_15
1024,32,E,0,32,1024,32,SQUARE
1026,32,E,2,2,2,2,DELTA_2
1028,32,E,4,4,4,4,DELTA_4
1030,32,E,6,2,2,2,DELTA_6
1032,32,E,8,8,8,8,DELTA_8
1034,32,E,10,2,2,2,DELTA_10
1036,32,E,12,4,4,4,DELTA_12
1038,32,E,14,2,2,2,DELTA_14
1040,32,E,16,16,16,16,DELTA_16
1089,35937,O,0,1089,1089,35937,SQUARE
1090,33,E,1,1,1,1,DELTA_1
1092,33,E,3,3,3,3,DELTA_3
1094,33,E,5,1,1,1,DELTA_5
1096,33,E,7,1,1,1,DELTA_7
1098,33,E,9,3,9,3,DELTA_9
1100,33,E,11,11,11,11,DELTA_11
1102,33,E,13,1,1,1,DELTA_13
1104,33,E,15,3,3,3,DELTA_15
1156,34,E,0,34,1156,34,SQUARE
1158,34,E,2,2,2,2,DELTA_2
1160,34,E,4,2,4,2,DELTA_4
1162,34,E,6,2,2,2,DELTA_6
1164,34,E,8,2,4,2,DELTA_8
1166,34,E,10,2,2,2,DELTA_10
1168,34,E,12,2,4,2,DELTA_12
1170,34,E,14,2,2,2,DELTA_14
1172,34,E,16,2,4,2,DELTA_16
1225,42875,O,0,1225,1225,42875,SQUARE
1226,35,E,1,1,1,1,DELTA_1
1228,35,E,3,1,1,1,DELTA_3
1230,35,E,5,5,5,5,DELTA_5
1232,35,E,7,7,7,7,DELTA_7
1234,35,E,9,1,1,1,DELTA_9
1236,35,E,11,1,1,1,DELTA_11
1238,35,E,13,1,1,1,DELTA_13
1240,35,E,15,5,5,5,DELTA_15
1296,36,E,0,36,1296,36,SQUARE
1298,36,E,2,2,2,2,DELTA_2
1300,36,E,4,4,4,4,DELTA_4
1302,36,E,6,6,6,6,DELTA_6
1304,36,E,8,4,8,4,DELTA_8
1306,36,E,10,2,2,2,DELTA_10
1308,36,E,12,12,12,12,DELTA_12
1310,36,E,14,2,2,2,DELTA_14
1312,36,E,16,4,16,4,DELTA_16
1369,50653,O,0,1369,1369,50653,SQUARE
1370,37,E,1,1,1,1,DELTA_1
1372,37,E,3,1,1,1,DELTA_3
1374,37,E,5,1,1,1,DELTA_5
1376,37,E,7,1,1,1,DELTA_7
1378,37,E,9,1,1,1,DELTA_9
1380,37,E,11,1,1,1,DELTA_11
1382,37,E,13,1,1,1,DELTA_13
1384,37,E,15,1,1,1,DELTA_15
1444,38,E,0,38,1444,38,SQUARE
1446,38,E,2,2,2,2,DELTA_2
1448,38,E,4,2,4,2,DELTA_4
1450,38,E,6,2,2,2,DELTA_6
1452,38,E,8,2,4,2,DELTA_8
1454,38,E,10,2,2,2,DELTA_10
1456,38,E,12,2,4,2,DELTA_12
1458,38,E,14,2,2,2,DELTA_14
1460,38,E,16,2,4,2,DELTA_16
1521,59319,O,0,1521,1521,59319,SQUARE
1522,39,E,1,1,1,1,DELTA_1
1524,39,E,3,3,3,3,DELTA_3
1526,39,E,5,1,1,1,DELTA_5
1528,39,E,7,1,1,1,DELTA_7
1530,39,E,9,3,9,3,DELTA_9
1532,39,E,11,1,1,1,DELTA_11
1534,39,E,13,13,13,13,DELTA_13
1536,39,E,15,3,3,3,DELTA_15
1600,40,E,0,40,1600,40,SQUARE
1602,40,E,2,2,2,2,DELTA_2
1604,40,E,4,4,4,4,DELTA_4
1606,40,E,6,2,2,2,DELTA_6
1608,40,E,8,8,8,8,DELTA_8
1610,40,E,10,10,10,10,DELTA_10
1612,40,E,12,4,4,4,DELTA_12
1614,40,E,14,2,2,2,DELTA_14
1616,40,E,16,8,16,8,DELTA_16
1681,68921,O,0,1681,1681,68921,SQUARE
1682,41,E,1,1,1,1,DELTA_1
1684,41,E,3,1,1,1,DELTA_3
1686,41,E,5,1,1,1,DELTA_5
1688,41,E,7,1,1,1,DELTA_7
1690,41,E,9,1,1,1,DELTA_9
1692,41,E,11,1,1,1,DELTA_11
1694,41,E,13,1,1,1,DELTA_13
1696,41,E,15,1,1,1,DELTA_15
1764,42,E,0,42,1764,42,SQUARE
1766,42,E,2,2,2,2,DELTA_2
1768,42,E,4,2,4,2,DELTA_4
1770,42,E,6,6,6,6,DELTA_6
1772,42,E,8,2,4,2,DELTA_8
1774,42,E,10,2,2,2,DELTA_10
1776,42,E,12,6,12,6,DELTA_12
1778,42,E,14,14,14,14,DELTA_14
1780,42,E,16,2,4,2,DELTA_16
1849,79507,O,0,1849,1849,79507,SQUARE
1850,43,E,1,1,1,1,DELTA_1
1852,43,E,3,1,1,1,DELTA_3
1854,43,E,5,1,1,1,DELTA_5
1856,43,E,7,1,1,1,DELTA_7
1858,43,E,9,1,1,1,DELTA_9
1860,43,E,11,1,1,1,DELTA_11
1862,43,E,13,1,1,1,DELTA_13
1864,43,E,15,1,1,1,DELTA_15
1936,44,E,0,44,1936,44,SQUARE
1938,44,E,2,2,2,2,DELTA_2
1940,44,E,4,4,4,4,DELTA_4
1942,44,E,6,2,2,2,DELTA_6
1944,44,E,8,4,8,4,DELTA_8
1946,44,E,10,2,2,2,DELTA_10
1948,44,E,12,4,4,4,DELTA_12
1950,44,E,14,2,2,2,DELTA_14
1952,44,E,16,4,16,4,DELTA_16
2025,91125,O,0,2025,2025,91125,SQUARE
2026,45,E,1,1,1,1,DELTA_1
2028,45,E,3,3,3,3,DELTA_3
2030,45,E,5,5,5,5,DELTA_5
2032,45,E,7,1,1,1,DELTA_7
2034,45,E,9,9,9,9,DELTA_9
2036,45,E,11,1,1,1,DELTA_11
2038,45,E,13,1,1,1,DELTA_13
2040,45,E,15,15,15,15,DELTA_15
2116,46,E,0,46,2116,46,SQUARE
2118,46,E,2,2,2,2,DELTA_2
2120,46,E,4,2,4,2,DELTA_4
2122,46,E,6,2,2,2,DELTA_6
2124,46,E,8,2,4,2,DELTA_8
2126,46,E,10,2,2,2,DELTA_10
2128,46,E,12,2,4,2,DELTA_12
2130,46,E,14,2,2,2,DELTA_14
2132,46,E,16,2,4,2,DELTA_16
2209,103823,O,0,2209,2209,103823,SQUARE
2210,47,E,1,1,1,1,DELTA_1
2212,47,E,3,1,1,1,DELTA_3
2214,47,E,5,1,1,1,DELTA_5
2216,47,E,7,1,1,1,DELTA_7
2218,47,E,9,1,1,1,DELTA_9
2220,47,E,11,1,1,1,DELTA_11
2222,47,E,13,1,1,1,DELTA_13
2224,47,E,15,1,1,1,DELTA_15
2304,48,E,0,48,2304,48,SQUARE
2306,48,E,2,2,2,2,DELTA_2
2308,48,E,4,4,4,4,DELTA_4
2310,48,E,6,6,6,6,DELTA_6
2312,48,E,8,8,8,8,DELTA_8
2314,48,E,10,2,2,2,DELTA_10
2316,48,E,12,12,12,12,DELTA_12
2318,48,E,14,2,2,2,DELTA_14
2320,48,E,16,16,16,16,DELTA_16
2401,117649,O,0,2401,2401,117649,SQUARE
2402,49,E,1,1,1,1,DELTA_1
2404,49,E,3,1,1,1,DELTA_3
2406,49,E,5,1,1,1,DELTA_5
2408,49,E,7,7,7,7,DELTA_7
2410,49,E,9,1,1,1,DELTA_9
2412,49,E,11,1,1,1,DELTA_11
2414,49,E,13,1,1,1,DELTA_13
2416,49,E,15,1,1,1,DELTA_15
2500,50,E,0,50,2500,50,SQUARE
2502,50,E,2,2,2,2,DELTA_2
2504,50,E,4,2,4,2,DELTA_4
2506,50,E,6,2,2,2,DELTA_6
2508,50,E,8,2,4,2,DELTA_8
2510,50,E,10,10,10,10,DELTA_10
2512,50,E,12,2,4,2,DELTA_12
2514,50,E,14,2,2,2,DELTA_14
2516,50,E,16,2,4,2,DELTA_16
2601,132651,O,0,2601,2601,132651,SQUARE
2602,51,E,1,1,1,1,DELTA_1
2604,51,E,3,3,3,3,DELTA_3
2606,51,E,5,1,1,1,DELTA_5
2608,51,E,7,1,1,1,DELTA_7
2610,51,E,9,3,9,3,DELTA_9
2612,51,E,11,1,1,1,DELTA_11
2614,51,E,13,1,1,1,DELTA_13
2616,51,E,15,3,3,3,DELTA_15
2704,52,E,0,52,2704,52,SQUARE
2706,52,E,2,2,2,2,DELTA_2
2708,52,E,4,4,4,4,DELTA_4
2710,52,E,6,2,2,2,DELTA_6
2712,52,E,8,4,8,4,DELTA_8
2714,52,E,10,2,2,2,DELTA_10
2716,52,E,12,4,4,4,DELTA_12
2718,52,E,14,2,2,2,DELTA_14
2720,52,E,16,4,16,4,DELTA_16
2809,148877,O,0,2809,2809,148877,SQUARE
2810,53,E,1,1,1,1,DELTA_1
2812,53,E,3,1,1,1,DELTA_3
2814,53,E,5,1,1,1,DELTA_5
2816,53,E,7,1,1,1,DELTA_7
2818,53,E,9,1,1,1,DELTA_9
2820,53,E,11,1,1,1,DELTA_11
2822,53,E,13,1,1,1,DELTA_13
2824,53,E,15,1,1,1,DELTA_15
2916,54,E,0,54,2916,54,SQUARE
2918,54,E,2,2,2,2,DELTA_2
2920,54,E,4,2,4,2,DELTA_4
2922,54,E,6,6,6,6,DELTA_6
2924,54,E,8,2,4,2,DELTA_8
2926,54,E,10,2,2,2,DELTA_10
2928,54,E,12,6,12,6,DELTA_12
2930,54,E,14,2,2,2,DELTA_14
2932,54,E,16,2,4,2,DELTA_16
3025,166375,O,0,3025,3025,166375,SQUARE
3026,55,E,1,1,1,1,DELTA_1
3028,55,E,3,1,1,1,DELTA_3
3030,55,E,5,5,5,5,DELTA_5
3032,55,E,7,1,1,1,DELTA_7
3034,55,E,9,1,1,1,DELTA_9
3036,55,E,11,11,11,11,DELTA_11
3038,55,E,13,1,1,1,DELTA_13
3040,55,E,15,5,5,5,DELTA_15
3136,56,E,0,56,3136,56,SQUARE
3138,56,E,2,2,2,2,DELTA_2
3140,56,E,4,4,4,4,DELTA_4
3142,56,E,6,2,2,2,DELTA_6
3144,56,E,8,8,8,8,DELTA_8
3146,56,E,10,2,2,2,DELTA_10
3148,56,E,12,4,4,4,DELTA_12
3150,56,E,14,14,14,14,DELTA_14
3152,56,E,16,8,16,8,DELTA_16
3249,185193,O,0,3249,3249,185193,SQUARE
3250,57,E,1,1,1,1,DELTA_1
3252,57,E,3,3,3,3,DELTA_3
3254,57,E,5,1,1,1,DELTA_5
3256,57,E,7,1,1,1,DELTA_7
3258,57,E,9,3,9,3,DELTA_9
3260,57,E,11,1,1,1,DELTA_11
3262,57,E,13,1,1,1,DELTA_13
3264,57,E,15,3,3,3,DELTA_15
3364,58,E,0,58,3364,58,SQUARE
3366,58,E,2,2,2,2,DELTA_2
3368,58,E,4,2,4,2,DELTA_4
3370,58,E,6,2,2,2,DELTA_6
3372,58,E,8,2,4,2,DELTA_8
3374,58,E,10,2,2,2,DELTA_10
3376,58,E,12,2,4,2,DELTA_12
3378,58,E,14,2,2,2,DELTA_14
3380,58,E,16,2,4,2,DELTA_16
3481,205379,O,0,3481,3481,205379,SQUARE
3482,59,E,1,1,1,1,DELTA_1
3484,59,E,3,1,1,1,DELTA_3
3486,59,E,5,1,1,1,DELTA_5
3488,59,E,7,1,1,1,DELTA_7
3490,59,E,9,1,1,1,DELTA_9
3492,59,E,11,1,1,1,DELTA_11
3494,59,E,13,1,1,1,DELTA_13
3496,59,E,15,1,1,1,DELTA_15
3600,60,E,0,60,3600,60,SQUARE
3602,60,E,2,2,2,2,DELTA_2
3604,60,E,4,4,4,4,DELTA_4
3606,60,E,6,6,6,6,DELTA_6
3608,60,E,8,4,8,4,DELTA_8
3610,60,E,10,10,10,10,DELTA_10
3612,60,E,12,12,12,12,DELTA_12
3614,60,E,14,2,2,2,DELTA_14
3616,60,E,16,4,16,4,DELTA_16
3721,226981,O,0,3721,3721,226981,SQUARE
3722,61,E,1,1,1,1,DELTA_1
3724,61,E,3,1,1,1,DELTA_3
3726,61,E,5,1,1,1,DELTA_5
3728,61,E,7,1,1,1,DELTA_7
3730,61,E,9,1,1,1,DELTA_9
3732,61,E,11,1,1,1,DELTA_11
3734,61,E,13,1,1,1,DELTA_13
3736,61,E,15,1,1,1,DELTA_15
3844,62,E,0,62,3844,62,SQUARE
3846,62,E,2,2,2,2,DELTA_2
3848,62,E,4,2,4,2,DELTA_4
3850,62,E,6,2,2,2,DELTA_6
3852,62,E,8,2,4,2,DELTA_8
3854,62,E,10,2,2,2,DELTA_10
3856,62,E,12,2,4,2,DELTA_12
3858,62,E,14,2,2,2,DELTA_14
3860,62,E,16,2,4,2,DELTA_16
3969,250047,O,0,3969,3969,250047,SQUARE
3970,63,E,1,1,1,1,DELTA_1
3972,63,E,3,3,3,3,DELTA_3
3974,63,E,5,1,1,1,DELTA_5
3976,63,E,7,7,7,7,DELTA_7
3978,63,E,9,9,9,9,DELTA_9
3980,63,E,11,1,1,1,DELTA_11
3982,63,E,13,1,1,1,DELTA_13
3984,63,E,15,3,3,3,DELTA_15
