n,target,a,b,r,peak,peak_position,beta_num,beta_den,validation_status
3,5,1,0,1,5,1,3,2,OK
5,11,1,0,1,11,1,3,2,OK
7,1,1,3,4,18,1,3,16,OK
9,27,1,0,1,27,1,3,2,OK
11,1,1,3,4,36,1,3,16,OK
13,1,1,3,4,46,1,3,16,OK
15,7,1,1,2,58,1,3,4,OK
17,1,1,3,4,70,1,3,16,OK
19,9,1,1,2,82,1,3,4,OK
21,9,1,1,2,96,1,3,4,OK
23,3,1,2,3,110,1,3,8,OK
25,125,1,0,1,125,1,3,2,OK
27,11,1,1,2,140,1,3,4,OK
29,3,1,2,3,156,1,3,8,OK
31,13,1,1,2,172,1,3,4,OK
33,189,1,0,1,189,1,3,2,OK
35,207,1,0,1,207,1,3,2,OK
37,225,1,0,1,225,1,3,2,OK
39,243,1,0,1,243,1,3,2,OK
41,1,1,4,5,262,1,3,32,OK
43,281,1,0,1,281,1,3,2,OK
45,301,1,0,1,301,1,3,2,OK
47,17,1,1,2,322,1,3,4,OK
49,343,1,0,1,343,1,3,2,OK
51,19,1,1,2,364,1,3,4,OK
53,385,1,0,1,385,1,3,2,OK
55,407,1,0,1,407,1,3,2,OK
57,1,1,4,5,430,1,3,32,OK
59,453,1,0,1,453,1,3,2,OK
61,21,1,1,2,476,1,3,4,OK
63,1,1,4,5,500,1,3,32,OK
65,1,1,4,5,524,1,3,32,OK
67,23,1,1,2,548,1,3,4,OK
69,573,1,0,1,573,1,3,2,OK
71,1,1,4,5,598,1,3,32,OK
73,623,1,0,1,623,1,3,2,OK
75,649,1,0,1,649,1,3,2,OK
77,675,1,0,1,675,1,3,2,OK
79,5,1,2,3,702,1,3,8,OK
81,729,1,0,1,729,1,3,2,OK
83,27,1,1,2,756,1,3,4,OK
85,783,1,0,1,783,1,3,2,OK
87,811,1,0,1,811,1,3,2,OK
89,839,1,0,1,839,1,3,2,OK
91,29,1,1,2,868,1,3,4,OK
93,29,1,1,2,896,1,3,4,OK
95,925,1,0,1,925,1,3,2,OK
97,955,1,0,1,955,1,3,2,OK
99,985,1,0,1,985,1,3,2,OK
101,1015,1,0,1,1015,1,3,2,OK
103,1045,1,0,1,1045,1,3,2,OK
105,1075,1,0,1,1075,1,3,2,OK
107,33,1,1,2,1106,1,3,4,OK
109,1137,1,0,1,1137,1,3,2,OK
111,1169,1,0,1,1169,1,3,2,OK
113,1201,1,0,1,1201,1,3,2,OK
115,1233,1,0,1,1233,1,3,2,OK
117,1265,1,0,1,1265,1,3,2,OK
119,1,1,4,5,1298,1,3,32,OK
121,1331,1,0,1,1331,1,3,2,OK
123,1,1,4,5,1364,1,3,32,OK
125,1397,1,0,1,1397,1,3,2,OK
127,1431,1,0,1,1431,1,3,2,OK
129,1465,1,0,1,1465,1,3,2,OK
131,1499,1,0,1,1499,1,3,2,OK
133,1533,1,0,1,1533,1,3,2,OK
135,39,1,1,2,1568,1,3,4,OK
137,1603,1,0,1,1603,1,3,2,OK
139,1,1,4,5,1638,1,3,32,OK
141,1,1,4,5,1674,1,3,32,OK
143,41,1,1,2,1710,1,3,4,OK
145,41,1,1,2,1746,1,3,4,OK
147,1,1,4,5,1782,1,3,32,OK
149,1,1,4,5,1818,1,3,32,OK
151,1855,1,0,1,1855,1,3,2,OK
153,43,1,1,2,1892,1,3,4,OK
155,1929,1,0,1,1929,1,3,2,OK
157,1967,1,0,1,1967,1,3,2,OK
159,1,1,4,5,2004,1,3,32,OK
161,45,1,1,2,2042,1,3,4,OK
163,2081,1,0,1,2081,1,3,2,OK
165,2119,1,0,1,2119,1,3,2,OK
167,1,1,4,5,2158,1,3,32,OK
169,2197,1,0,1,2197,1,3,2,OK
171,47,1,1,2,2236,1,3,4,OK
173,2275,1,0,1,2275,1,3,2,OK
175,2315,1,0,1,2315,1,3,2,OK
177,1,1,4,5,2354,1,3,32,OK
179,1,1,4,5,2394,1,3,32,OK
181,2435,1,0,1,2435,1,3,2,OK
183,2475,1,0,1,2475,1,3,2,OK
185,7,1,2,3,2516,1,3,8,OK
187,2557,1,0,1,2557,1,3,2,OK
189,7,1,2,3,2598,1,3,8,OK
191,2639,1,0,1,2639,1,3,2,OK
193,2681,1,0,1,2681,1,3,2,OK
195,2723,1,0,1,2723,1,3,2,OK
197,2765,1,0,1,2765,1,3,2,OK
199,2807,1,0,1,2807,1,3,2,OK
201,2849,1,0,1,2849,1,3,2,OK
203,53,1,1,2,2892,1,3,4,OK
205,2935,1,0,1,2935,1,3,2,OK
207,7,1,2,3,2978,1,3,8,OK
209,3021,1,0,1,3021,1,3,2,OK
211,55,1,1,2,3064,1,3,4,OK
213,55,1,1,2,3108,1,3,4,OK
215,7,1,2,3,3152,1,3,8,OK
217,7,1,2,3,3196,1,3,8,OK
219,7,1,2,3,3240,1,3,8,OK
221,3285,1,0,1,3285,1,3,2,OK
223,57,1,1,2,3330,1,3,4,OK
225,3375,1,0,1,3375,1,3,2,OK
227,7,1,2,3,3420,1,3,8,OK
229,3465,1,0,1,3465,1,3,2,OK
231,59,1,1,2,3510,1,3,4,OK
233,59,1,1,2,3556,1,3,4,OK
235,7,1,2,3,3602,1,3,8,OK
237,7,1,2,3,3648,1,3,8,OK
239,7,1,2,3,3694,1,3,8,OK
241,3741,1,0,1,3741,1,3,2,OK
243,3787,1,0,1,3787,1,3,2,OK
245,61,1,1,2,3834,1,3,4,OK
247,3881,1,0,1,3881,1,3,2,OK
249,3929,1,0,1,3929,1,3,2,OK
251,63,1,1,2,3976,1,3,4,OK
253,63,1,1,2,4024,1,3,4,OK
255,63,1,1,2,4072,1,3,4,OK
257,1,1,4,5,4120,1,3,32,OK
259,1,1,4,5,4168,1,3,32,OK
261,1,1,4,5,4216,1,3,32,OK
263,4265,1,0,1,4265,1,3,2,OK
265,4313,1,0,1,4313,1,3,2,OK
267,1,1,4,5,4362,1,3,32,OK
269,4411,1,0,1,4411,1,3,2,OK
271,4461,1,0,1,4461,1,3,2,OK
273,67,1,1,2,4510,1,3,4,OK
275,67,1,1,2,4560,1,3,4,OK
277,67,1,1,2,4610,1,3,4,OK
279,1,1,4,5,4660,1,3,32,OK
281,1,1,4,5,4710,1,3,32,OK
283,1,1,4,5,4760,1,3,32,OK
285,4811,1,0,1,4811,1,3,2,OK
287,69,1,1,2,4862,1,3,4,OK
289,4913,1,0,1,4913,1,3,2,OK
291,1,1,4,5,4964,1,3,32,OK
293,5015,1,0,1,5015,1,3,2,OK
295,71,1,1,2,5066,1,3,4,OK
297,71,1,1,2,5118,1,3,4,OK
299,71,1,1,2,5170,1,3,4,OK
301,1,1,4,5,5222,1,3,32,OK
303,1,1,4,5,5274,1,3,32,OK
305,1,1,4,5,5326,1,3,32,OK
307,5379,1,0,1,5379,1,3,2,OK
309,5431,1,0,1,5431,1,3,2,OK
311,1,1,4,5,5484,1,3,32,OK
313,5537,1,0,1,5537,1,3,2,OK
315,1,1,4,5,5590,1,3,32,OK
317,75,1,1,2,5644,1,3,4,OK
319,5697,1,0,1,5697,1,3,2,OK
321,5751,1,0,1,5751,1,3,2,OK
323,5805,1,0,1,5805,1,3,2,OK
325,5859,1,0,1,5859,1,3,2,OK
327,5913,1,0,1,5913,1,3,2,OK
329,5967,1,0,1,5967,1,3,2,OK
331,77,1,1,2,6022,1,3,4,OK
333,77,1,1,2,6076,1,3,4,OK
335,6131,1,0,1,6131,1,3,2,OK
337,1,1,4,5,6186,1,3,32,OK
339,6241,1,0,1,6241,1,3,2,OK
341,79,1,1,2,6296,1,3,4,OK
343,79,1,1,2,6352,1,3,4,OK
345,1,1,4,5,6408,1,3,32,OK
347,6463,1,0,1,6463,1,3,2,OK
349,6519,1,0,1,6519,1,3,2,OK
351,6575,1,0,1,6575,1,3,2,OK
353,81,1,1,2,6632,1,3,4,OK
355,81,1,1,2,6688,1,3,4,OK
357,6745,1,0,1,6745,1,3,2,OK
359,9,1,2,3,6802,1,3,8,OK
361,6859,1,0,1,6859,1,3,2,OK
363,83,1,1,2,6916,1,3,4,OK
365,6973,1,0,1,6973,1,3,2,OK
367,83,1,1,2,7030,1,3,4,OK
369,9,1,2,3,7088,1,3,8,OK
371,7145,1,0,1,7145,1,3,2,OK
373,7203,1,0,1,7203,1,3,2,OK
375,7261,1,0,1,7261,1,3,2,OK
377,85,1,1,2,7320,1,3,4,OK
379,85,1,1,2,7378,1,3,4,OK
381,9,1,2,3,7436,1,3,8,OK
383,7495,1,0,1,7495,1,3,2,OK
385,9,1,2,3,7554,1,3,8,OK
387,7613,1,0,1,7613,1,3,2,OK
389,87,1,1,2,7672,1,3,4,OK
391,7731,1,0,1,7731,1,3,2,OK
393,9,1,2,3,7790,1,3,8,OK
395,9,1,2,3,7850,1,3,8,OK
397,9,1,2,3,7910,1,3,8,OK
399,89,1,1,2,7970,1,3,4,OK
401,89,1,1,2,8030,1,3,4,OK
403,89,1,1,2,8090,1,3,4,OK
405,9,1,2,3,8150,1,3,8,OK
407,9,1,2,3,8210,1,3,8,OK
409,8271,1,0,1,8271,1,3,2,OK
411,91,1,1,2,8332,1,3,4,OK
413,8393,1,0,1,8393,1,3,2,OK
415,91,1,1,2,8454,1,3,4,OK
417,8515,1,0,1,8515,1,3,2,OK
419,9,1,2,3,8576,1,3,8,OK
421,9,1,2,3,8638,1,3,8,OK
423,8699,1,0,1,8699,1,3,2,OK
425,8761,1,0,1,8761,1,3,2,OK
427,8823,1,0,1,8823,1,3,2,OK
429,8885,1,0,1,8885,1,3,2,OK
431,8947,1,0,1,8947,1,3,2,OK
433,9,1,2,3,9010,1,3,8,OK
435,95,1,1,2,9072,1,3,4,OK
437,9135,1,0,1,9135,1,3,2,OK
439,95,1,1,2,9198,1,3,4,OK
441,9261,1,0,1,9261,1,3,2,OK
443,9,1,2,3,9324,1,3,8,OK
445,9387,1,0,1,9387,1,3,2,OK
447,97,1,1,2,9450,1,3,4,OK
449,97,1,1,2,9514,1,3,4,OK
451,9577,1,0,1,9577,1,3,2,OK
453,9641,1,0,1,9641,1,3,2,OK
455,9705,1,0,1,9705,1,3,2,OK
457,9769,1,0,1,9769,1,3,2,OK
459,9833,1,0,1,9833,1,3,2,OK
461,99,1,1,2,9898,1,3,4,OK
463,99,1,1,2,9962,1,3,4,OK
465,10027,1,0,1,10027,1,3,2,OK
467,10091,1,0,1,10091,1,3,2,OK
469,3,1,3,4,10156,1,3,16,OK
471,10221,1,0,1,10221,1,3,2,OK
473,10287,1,0,1,10287,1,3,2,OK
475,101,1,1,2,10352,1,3,4,OK
477,10417,1,0,1,10417,1,3,2,OK
479,10483,1,0,1,10483,1,3,2,OK
481,10549,1,0,1,10549,1,3,2,OK
483,10615,1,0,1,10615,1,3,2,OK
485,10681,1,0,1,10681,1,3,2,OK
487,10747,1,0,1,10747,1,3,2,OK
489,10813,1,0,1,10813,1,3,2,OK
491,10879,1,0,1,10879,1,3,2,OK
493,3,1,3,4,10946,1,3,16,OK
495,11013,1,0,1,11013,1,3,2,OK
497,11079,1,0,1,11079,1,3,2,OK
499,105,1,1,2,11146,1,3,4,OK
501,11213,1,0,1,11213,1,3,2,OK
503,11281,1,0,1,11281,1,3,2,OK
505,3,1,3,4,11348,1,3,16,OK
507,11415,1,0,1,11415,1,3,2,OK
509,11483,1,0,1,11483,1,3,2,OK
511,11551,1,0,1,11551,1,3,2,OK
513,11619,1,0,1,11619,1,3,2,OK
515,11687,1,0,1,11687,1,3,2,OK
517,11755,1,0,1,11755,1,3,2,OK
519,11823,1,0,1,11823,1,3,2,OK
521,109,1,1,2,11892,1,3,4,OK
523,109,1,1,2,11960,1,3,4,OK
525,12029,1,0,1,12029,1,3,2,OK
527,109,1,1,2,12098,1,3,4,OK
529,12167,1,0,1,12167,1,3,2,OK
531,3,1,3,4,12236,1,3,16,OK
533,12305,1,0,1,12305,1,3,2,OK
535,111,1,1,2,12374,1,3,4,OK
537,111,1,1,2,12444,1,3,4,OK
539,12513,1,0,1,12513,1,3,2,OK
541,12583,1,0,1,12583,1,3,2,OK
543,12653,1,0,1,12653,1,3,2,OK
545,12723,1,0,1,12723,1,3,2,OK
547,12793,1,0,1,12793,1,3,2,OK
549,12863,1,0,1,12863,1,3,2,OK
551,12933,1,0,1,12933,1,3,2,OK
553,3,1,3,4,13004,1,3,16,OK
555,3,1,3,4,13074,1,3,16,OK
557,13145,1,0,1,13145,1,3,2,OK
559,3,1,3,4,13216,1,3,16,OK
561,13287,1,0,1,13287,1,3,2,OK
563,115,1,1,2,13358,1,3,4,OK
565,13429,1,0,1,13429,1,3,2,OK
567,13501,1,0,1,13501,1,3,2,OK
569,3,1,3,4,13572,1,3,16,OK
571,3,1,3,4,13644,1,3,16,OK
573,117,1,1,2,13716,1,3,4,OK
575,117,1,1,2,13788,1,3,4,OK
577,117,1,1,2,13860,1,3,4,OK
579,3,1,3,4,13932,1,3,16,OK
581,3,1,3,4,14004,1,3,16,OK
583,3,1,3,4,14076,1,3,16,OK
585,14149,1,0,1,14149,1,3,2,OK
587,14221,1,0,1,14221,1,3,2,OK
589,119,1,1,2,14294,1,3,4,OK
591,14367,1,0,1,14367,1,3,2,OK
593,3,1,3,4,14440,1,3,16,OK
595,14513,1,0,1,14513,1,3,2,OK
597,3,1,3,4,14586,1,3,16,OK
599,121,1,1,2,14660,1,3,4,OK
601,14733,1,0,1,14733,1,3,2,OK
603,14807,1,0,1,14807,1,3,2,OK
605,14881,1,0,1,14881,1,3,2,OK
607,11,1,2,3,14954,1,3,8,OK
609,11,1,2,3,15028,1,3,8,OK
611,11,1,2,3,15102,1,3,8,OK
613,15177,1,0,1,15177,1,3,2,OK
615,15251,1,0,1,15251,1,3,2,OK
617,15325,1,0,1,15325,1,3,2,OK
619,11,1,2,3,15400,1,3,8,OK
621,15475,1,0,1,15475,1,3,2,OK
623,11,1,2,3,15550,1,3,8,OK
625,15625,1,0,1,15625,1,3,2,OK
627,125,1,1,2,15700,1,3,4,OK
629,15775,1,0,1,15775,1,3,2,OK
631,125,1,1,2,15850,1,3,4,OK
633,15925,1,0,1,15925,1,3,2,OK
635,16001,1,0,1,16001,1,3,2,OK
637,16077,1,0,1,16077,1,3,2,OK
639,127,1,1,2,16152,1,3,4,OK
641,127,1,1,2,16228,1,3,4,OK
643,127,1,1,2,16304,1,3,4,OK
645,127,1,1,2,16380,1,3,4,OK
647,16457,1,0,1,16457,1,3,2,OK
649,16533,1,0,1,16533,1,3,2,OK
651,11,1,2,3,16610,1,3,8,OK
653,129,1,1,2,16686,1,3,4,OK
655,16763,1,0,1,16763,1,3,2,OK
657,129,1,1,2,16840,1,3,4,OK
659,16917,1,0,1,16917,1,3,2,OK
661,11,1,2,3,16994,1,3,8,OK
663,17071,1,0,1,17071,1,3,2,OK
665,11,1,2,3,17148,1,3,8,OK
667,131,1,1,2,17226,1,3,4,OK
669,17303,1,0,1,17303,1,3,2,OK
671,17381,1,0,1,17381,1,3,2,OK
673,17459,1,0,1,17459,1,3,2,OK
675,17537,1,0,1,17537,1,3,2,OK
677,17615,1,0,1,17615,1,3,2,OK
679,17693,1,0,1,17693,1,3,2,OK
681,17771,1,0,1,17771,1,3,2,OK
683,17849,1,0,1,17849,1,3,2,OK
685,133,1,1,2,17928,1,3,4,OK
687,11,1,2,3,18006,1,3,8,OK
689,18085,1,0,1,18085,1,3,2,OK
691,11,1,2,3,18164,1,3,8,OK
693,18243,1,0,1,18243,1,3,2,OK
695,135,1,1,2,18322,1,3,4,OK
697,18401,1,0,1,18401,1,3,2,OK
699,135,1,1,2,18480,1,3,4,OK
701,18559,1,0,1,18559,1,3,2,OK
703,18639,1,0,1,18639,1,3,2,OK
705,18719,1,0,1,18719,1,3,2,OK
707,137,1,1,2,18798,1,3,4,OK
709,137,1,1,2,18878,1,3,4,OK
711,137,1,1,2,18958,1,3,4,OK
713,137,1,1,2,19038,1,3,4,OK
715,11,1,2,3,19118,1,3,8,OK
717,19199,1,0,1,19199,1,3,2,OK
719,19279,1,0,1,19279,1,3,2,OK
721,19359,1,0,1,19359,1,3,2,OK
723,139,1,1,2,19440,1,3,4,OK
725,19521,1,0,1,19521,1,3,2,OK
727,11,1,2,3,19602,1,3,8,OK
729,19683,1,0,1,19683,1,3,2,OK
731,11,1,2,3,19764,1,3,8,OK
733,19845,1,0,1,19845,1,3,2,OK
735,141,1,1,2,19926,1,3,4,OK
737,20007,1,0,1,20007,1,3,2,OK
739,20089,1,0,1,20089,1,3,2,OK
741,11,1,2,3,20170,1,3,8,OK
743,11,1,2,3,20252,1,3,8,OK
745,11,1,2,3,20334,1,3,8,OK
747,11,1,2,3,20416,1,3,8,OK
749,143,1,1,2,20498,1,3,4,OK
751,143,1,1,2,20580,1,3,4,OK
753,143,1,1,2,20662,1,3,4,OK
755,20745,1,0,1,20745,1,3,2,OK
757,20827,1,0,1,20827,1,3,2,OK
759,3,1,3,4,20910,1,3,16,OK
761,20993,1,0,1,20993,1,3,2,OK
763,21075,1,0,1,21075,1,3,2,OK
765,145,1,1,2,21158,1,3,4,OK
767,21241,1,0,1,21241,1,3,2,OK
769,21325,1,0,1,21325,1,3,2,OK
771,3,1,3,4,21408,1,3,16,OK
773,21491,1,0,1,21491,1,3,2,OK
775,21575,1,0,1,21575,1,3,2,OK
777,147,1,1,2,21658,1,3,4,OK
779,147,1,1,2,21742,1,3,4,OK
781,147,1,1,2,21826,1,3,4,OK
783,3,1,3,4,21910,1,3,16,OK
785,3,1,3,4,21994,1,3,16,OK
787,3,1,3,4,22078,1,3,16,OK
789,3,1,3,4,22162,1,3,16,OK
791,149,1,1,2,22246,1,3,4,OK
793,22331,1,0,1,22331,1,3,2,OK
795,22415,1,0,1,22415,1,3,2,OK
797,3,1,3,4,22500,1,3,16,OK
799,22585,1,0,1,22585,1,3,2,OK
801,22669,1,0,1,22669,1,3,2,OK
803,3,1,3,4,22754,1,3,16,OK
805,22839,1,0,1,22839,1,3,2,OK
807,22925,1,0,1,22925,1,3,2,OK
809,151,1,1,2,23010,1,3,4,OK
811,23095,1,0,1,23095,1,3,2,OK
813,23181,1,0,1,23181,1,3,2,OK
815,3,1,3,4,23266,1,3,16,OK
817,3,1,3,4,23352,1,3,16,OK
819,153,1,1,2,23438,1,3,4,OK
821,153,1,1,2,23524,1,3,4,OK
823,153,1,1,2,23610,1,3,4,OK
825,153,1,1,2,23696,1,3,4,OK
827,3,1,3,4,23782,1,3,16,OK
829,3,1,3,4,23868,1,3,16,OK
831,23955,1,0,1,23955,1,3,2,OK
833,24041,1,0,1,24041,1,3,2,OK
835,155,1,1,2,24128,1,3,4,OK
837,24215,1,0,1,24215,1,3,2,OK
839,155,1,1,2,24302,1,3,4,OK
841,24389,1,0,1,24389,1,3,2,OK
843,3,1,3,4,24476,1,3,16,OK
845,24563,1,0,1,24563,1,3,2,OK
847,157,1,1,2,24650,1,3,4,OK
849,24737,1,0,1,24737,1,3,2,OK
851,24825,1,0,1,24825,1,3,2,OK
853,157,1,1,2,24912,1,3,4,OK
855,3,1,3,4,25000,1,3,16,OK
857,3,1,3,4,25088,1,3,16,OK
859,3,1,3,4,25176,1,3,16,OK
861,3,1,3,4,25264,1,3,16,OK
863,159,1,1,2,25352,1,3,4,OK
865,159,1,1,2,25440,1,3,4,OK
867,159,1,1,2,25528,1,3,4,OK
869,25617,1,0,1,25617,1,3,2,OK
871,25705,1,0,1,25705,1,3,2,OK
873,3,1,3,4,25794,1,3,16,OK
875,3,1,3,4,25882,1,3,16,OK
877,25971,1,0,1,25971,1,3,2,OK
879,161,1,1,2,26060,1,3,4,OK
881,26149,1,0,1,26149,1,3,2,OK
883,161,1,1,2,26238,1,3,4,OK
885,26327,1,0,1,26327,1,3,2,OK
887,26417,1,0,1,26417,1,3,2,OK
889,3,1,3,4,26506,1,3,16,OK
891,163,1,1,2,26596,1,3,4,OK
893,26685,1,0,1,26685,1,3,2,OK
895,26775,1,0,1,26775,1,3,2,OK
897,26865,1,0,1,26865,1,3,2,OK
899,26955,1,0,1,26955,1,3,2,OK
901,27045,1,0,1,27045,1,3,2,OK
903,27135,1,0,1,27135,1,3,2,OK
905,27225,1,0,1,27225,1,3,2,OK
907,27315,1,0,1,27315,1,3,2,OK
909,165,1,1,2,27406,1,3,4,OK
911,165,1,1,2,27496,1,3,4,OK
913,27587,1,0,1,27587,1,3,2,OK
915,27677,1,0,1,27677,1,3,2,OK
917,3,1,3,4,27768,1,3,16,OK
919,27859,1,0,1,27859,1,3,2,OK
921,167,1,1,2,27950,1,3,4,OK
923,28041,1,0,1,28041,1,3,2,OK
925,167,1,1,2,28132,1,3,4,OK
927,3,1,3,4,28224,1,3,16,OK
929,28315,1,0,1,28315,1,3,2,OK
931,3,1,3,4,28406,1,3,16,OK
933,3,1,3,4,28498,1,3,16,OK
935,169,1,1,2,28590,1,3,4,OK
937,28681,1,0,1,28681,1,3,2,OK
939,28773,1,0,1,28773,1,3,2,OK
941,28865,1,0,1,28865,1,3,2,OK
943,28957,1,0,1,28957,1,3,2,OK
945,13,1,2,3,29050,1,3,8,OK
947,13,1,2,3,29142,1,3,8,OK
949,13,1,2,3,29234,1,3,8,OK
951,29327,1,0,1,29327,1,3,2,OK
953,29419,1,0,1,29419,1,3,2,OK
955,171,1,1,2,29512,1,3,4,OK
957,29605,1,0,1,29605,1,3,2,OK
959,13,1,2,3,29698,1,3,8,OK
961,29791,1,0,1,29791,1,3,2,OK
963,13,1,2,3,29884,1,3,8,OK
965,29977,1,0,1,29977,1,3,2,OK
967,173,1,1,2,30070,1,3,4,OK
969,30163,1,0,1,30163,1,3,2,OK
971,30257,1,0,1,30257,1,3,2,OK
973,13,1,2,3,30350,1,3,8,OK
975,13,1,2,3,30444,1,3,8,OK
977,13,1,2,3,30538,1,3,8,OK
979,30631,1,0,1,30631,1,3,2,OK
981,30725,1,0,1,30725,1,3,2,OK
983,30819,1,0,1,30819,1,3,2,OK
985,30913,1,0,1,30913,1,3,2,OK
987,13,1,2,3,31008,1,3,8,OK
989,13,1,2,3,31102,1,3,8,OK
991,13,1,2,3,31196,1,3,8,OK
993,31291,1,0,1,31291,1,3,2,OK
995,31385,1,0,1,31385,1,3,2,OK
997,177,1,1,2,31480,1,3,4,OK
999,31575,1,0,1,31575,1,3,2,OK
1001,177,1,1,2,31670,1,3,4,OK
1003,31765,1,0,1,31765,1,3,2,OK
1005,13,1,2,3,31860,1,3,8,OK
1007,31955,1,0,1,31955,1,3,2,OK
1009,179,1,1,2,32050,1,3,4,OK
1011,32145,1,0,1,32145,1,3,2,OK
1013,32241,1,0,1,32241,1,3,2,OK
1015,179,1,1,2,32336,1,3,4,OK
1017,13,1,2,3,32432,1,3,8,OK
1019,13,1,2,3,32528,1,3,8,OK
1021,13,1,2,3,32624,1,3,8,OK
1023,13,1,2,3,32720,1,3,8,OK
1025,181,1,1,2,32816,1,3,4,OK
1027,181,1,1,2,32912,1,3,4,OK
1029,181,1,1,2,33008,1,3,4,OK
1031,181,1,1,2,33104,1,3,4,OK
1033,13,1,2,3,33200,1,3,8,OK
1035,33297,1,0,1,33297,1,3,2,OK
1037,33393,1,0,1,33393,1,3,2,OK
1039,183,1,1,2,33490,1,3,4,OK
1041,33587,1,0,1,33587,1,3,2,OK
1043,183,1,1,2,33684,1,3,4,OK
1045,33781,1,0,1,33781,1,3,2,OK
1047,13,1,2,3,33878,1,3,8,OK
1049,33975,1,0,1,33975,1,3,2,OK
1051,13,1,2,3,34072,1,3,8,OK
1053,34169,1,0,1,34169,1,3,2,OK
1055,34267,1,0,1,34267,1,3,2,OK
1057,185,1,1,2,34364,1,3,4,OK
1059,185,1,1,2,34462,1,3,4,OK
1061,34559,1,0,1,34559,1,3,2,OK
1063,34657,1,0,1,34657,1,3,2,OK
1065,34755,1,0,1,34755,1,3,2,OK
1067,34853,1,0,1,34853,1,3,2,OK
1069,34951,1,0,1,34951,1,3,2,OK
1071,35049,1,0,1,35049,1,3,2,OK
1073,35147,1,0,1,35147,1,3,2,OK
1075,187,1,1,2,35246,1,3,4,OK
1077,13,1,2,3,35344,1,3,8,OK
1079,35443,1,0,1,35443,1,3,2,OK
1081,35541,1,0,1,35541,1,3,2,OK
1083,13,1,2,3,35640,1,3,8,OK
1085,35739,1,0,1,35739,1,3,2,OK
1087,189,1,1,2,35838,1,3,4,OK
1089,35937,1,0,1,35937,1,3,2,OK
1091,189,1,1,2,36036,1,3,4,OK
1093,36135,1,0,1,36135,1,3,2,OK
1095,13,1,2,3,36234,1,3,8,OK
1097,36333,1,0,1,36333,1,3,2,OK
1099,36433,1,0,1,36433,1,3,2,OK
1101,191,1,1,2,36532,1,3,4,OK
1103,191,1,1,2,36632,1,3,4,OK
1105,36731,1,0,1,36731,1,3,2,OK
1107,36831,1,0,1,36831,1,3,2,OK
1109,36931,1,0,1,36931,1,3,2,OK
1111,37031,1,0,1,37031,1,3,2,OK
1113,37131,1,0,1,37131,1,3,2,OK
1115,37231,1,0,1,37231,1,3,2,OK
1117,37331,1,0,1,37331,1,3,2,OK
1119,193,1,1,2,37432,1,3,4,OK
1121,193,1,1,2,37532,1,3,4,OK
1123,37633,1,0,1,37633,1,3,2,OK
1125,37733,1,0,1,37733,1,3,2,OK
1127,13,1,2,3,37834,1,3,8,OK
1129,37935,1,0,1,37935,1,3,2,OK
1131,38035,1,0,1,38035,1,3,2,OK
1133,195,1,1,2,38136,1,3,4,OK
1135,38237,1,0,1,38237,1,3,2,OK
1137,195,1,1,2,38338,1,3,4,OK
1139,3,1,3,4,38440,1,3,16,OK
1141,38541,1,0,1,38541,1,3,2,OK
1143,3,1,3,4,38642,1,3,16,OK
1145,3,1,3,4,38744,1,3,16,OK
1147,38845,1,0,1,38845,1,3,2,OK
1149,38947,1,0,1,38947,1,3,2,OK
1151,39049,1,0,1,39049,1,3,2,OK
1153,39151,1,0,1,39151,1,3,2,OK
1155,39253,1,0,1,39253,1,3,2,OK
1157,39355,1,0,1,39355,1,3,2,OK
1159,39457,1,0,1,39457,1,3,2,OK
1161,39559,1,0,1,39559,1,3,2,OK
1163,39661,1,0,1,39661,1,3,2,OK
1165,39763,1,0,1,39763,1,3,2,OK
1167,199,1,1,2,39866,1,3,4,OK
1169,199,1,1,2,39968,1,3,4,OK
1171,40071,1,0,1,40071,1,3,2,OK
1173,3,1,3,4,40174,1,3,16,OK
1175,3,1,3,4,40276,1,3,16,OK
1177,40379,1,0,1,40379,1,3,2,OK
1179,201,1,1,2,40482,1,3,4,OK
1181,40585,1,0,1,40585,1,3,2,OK
1183,40689,1,0,1,40689,1,3,2,OK
1185,201,1,1,2,40792,1,3,4,OK
1187,40895,1,0,1,40895,1,3,2,OK
1189,3,1,3,4,40998,1,3,16,OK
1191,3,1,3,4,41102,1,3,16,OK
1193,3,1,3,4,41206,1,3,16,OK
1195,41309,1,0,1,41309,1,3,2,OK
1197,41413,1,0,1,41413,1,3,2,OK
1199,41517,1,0,1,41517,1,3,2,OK
1201,41621,1,0,1,41621,1,3,2,OK
1203,41725,1,0,1,41725,1,3,2,OK
1205,41829,1,0,1,41829,1,3,2,OK
1207,41933,1,0,1,41933,1,3,2,OK
1209,42037,1,0,1,42037,1,3,2,OK
1211,205,1,1,2,42142,1,3,4,OK
1213,205,1,1,2,42246,1,3,4,OK
1215,42351,1,0,1,42351,1,3,2,OK
1217,42455,1,0,1,42455,1,3,2,OK
1219,3,1,3,4,42560,1,3,16,OK
1221,42665,1,0,1,42665,1,3,2,OK
1223,3,1,3,4,42770,1,3,16,OK
1225,42875,1,0,1,42875,1,3,2,OK
1227,207,1,1,2,42980,1,3,4,OK
1229,43085,1,0,1,43085,1,3,2,OK
1231,207,1,1,2,43190,1,3,4,OK
1233,43295,1,0,1,43295,1,3,2,OK
1235,43401,1,0,1,43401,1,3,2,OK
1237,3,1,3,4,43506,1,3,16,OK
1239,3,1,3,4,43612,1,3,16,OK
1241,43717,1,0,1,43717,1,3,2,OK
1243,43823,1,0,1,43823,1,3,2,OK
1245,43929,1,0,1,43929,1,3,2,OK
1247,44035,1,0,1,44035,1,3,2,OK
1249,44141,1,0,1,44141,1,3,2,OK
1251,44247,1,0,1,44247,1,3,2,OK
1253,44353,1,0,1,44353,1,3,2,OK
1255,44459,1,0,1,44459,1,3,2,OK
1257,44565,1,0,1,44565,1,3,2,OK
1259,211,1,1,2,44672,1,3,4,OK
1261,211,1,1,2,44778,1,3,4,OK
1263,44885,1,0,1,44885,1,3,2,OK
1265,3,1,3,4,44992,1,3,16,OK
1267,3,1,3,4,45098,1,3,16,OK
1269,45205,1,0,1,45205,1,3,2,OK
1271,3,1,3,4,45312,1,3,16,OK
1273,45419,1,0,1,45419,1,3,2,OK
1275,213,1,1,2,45526,1,3,4,OK
1277,45633,1,0,1,45633,1,3,2,OK
1279,45741,1,0,1,45741,1,3,2,OK
1281,3,1,3,4,45848,1,3,16,OK
1283,45955,1,0,1,45955,1,3,2,OK
1285,46063,1,0,1,46063,1,3,2,OK
1287,3,1,3,4,46170,1,3,16,OK
1289,215,1,1,2,46278,1,3,4,OK
1291,215,1,1,2,46386,1,3,4,OK
1293,215,1,1,2,46494,1,3,4,OK
1295,215,1,1,2,46602,1,3,4,OK
1297,3,1,3,4,46710,1,3,16,OK
1299,3,1,3,4,46818,1,3,16,OK
1301,3,1,3,4,46926,1,3,16,OK
1303,3,1,3,4,47034,1,3,16,OK
1305,217,1,1,2,47142,1,3,4,OK
1307,47251,1,0,1,47251,1,3,2,OK
1309,47359,1,0,1,47359,1,3,2,OK
1311,217,1,1,2,47468,1,3,4,OK
1313,47577,1,0,1,47577,1,3,2,OK
1315,47685,1,0,1,47685,1,3,2,OK
1317,3,1,3,4,47794,1,3,16,OK
1319,47903,1,0,1,47903,1,3,2,OK
1321,219,1,1,2,48012,1,3,4,OK
1323,48121,1,0,1,48121,1,3,2,OK
1325,219,1,1,2,48230,1,3,4,OK
1327,48339,1,0,1,48339,1,3,2,OK
1329,48449,1,0,1,48449,1,3,2,OK
1331,3,1,3,4,48558,1,3,16,OK
1333,3,1,3,4,48668,1,3,16,OK
1335,48777,1,0,1,48777,1,3,2,OK
1337,48887,1,0,1,48887,1,3,2,OK
1339,48997,1,0,1,48997,1,3,2,OK
1341,221,1,1,2,49106,1,3,4,OK
1343,221,1,1,2,49216,1,3,4,OK
1345,3,1,3,4,49326,1,3,16,OK
1347,3,1,3,4,49436,1,3,16,OK
1349,49547,1,0,1,49547,1,3,2,OK
1351,49657,1,0,1,49657,1,3,2,OK
1353,49767,1,0,1,49767,1,3,2,OK
1355,49877,1,0,1,49877,1,3,2,OK
1357,223,1,1,2,49988,1,3,4,OK
1359,50099,1,0,1,50099,1,3,2,OK
1361,50209,1,0,1,50209,1,3,2,OK
1363,3,1,3,4,50320,1,3,16,OK
1365,50431,1,0,1,50431,1,3,2,OK
1367,3,1,3,4,50542,1,3,16,OK
1369,50653,1,0,1,50653,1,3,2,OK
1371,225,1,1,2,50764,1,3,4,OK
1373,50875,1,0,1,50875,1,3,2,OK
1375,225,1,1,2,50986,1,3,4,OK
1377,51097,1,0,1,51097,1,3,2,OK
1379,51209,1,0,1,51209,1,3,2,OK
1381,15,1,2,3,51320,1,3,8,OK
1383,51431,1,0,1,51431,1,3,2,OK
1385,51543,1,0,1,51543,1,3,2,OK
1387,51655,1,0,1,51655,1,3,2,OK
1389,51767,1,0,1,51767,1,3,2,OK
1391,227,1,1,2,51878,1,3,4,OK
1393,15,1,2,3,51990,1,3,8,OK
1395,15,1,2,3,52102,1,3,8,OK
1397,15,1,2,3,52214,1,3,8,OK
1399,52327,1,0,1,52327,1,3,2,OK
1401,52439,1,0,1,52439,1,3,2,OK
1403,52551,1,0,1,52551,1,3,2,OK
1405,229,1,1,2,52664,1,3,4,OK
1407,229,1,1,2,52776,1,3,4,OK
1409,52889,1,0,1,52889,1,3,2,OK
1411,53001,1,0,1,53001,1,3,2,OK
1413,15,1,2,3,53114,1,3,8,OK
1415,53227,1,0,1,53227,1,3,2,OK
1417,15,1,2,3,53340,1,3,8,OK
1419,53453,1,0,1,53453,1,3,2,OK
1421,231,1,1,2,53566,1,3,4,OK
1423,53679,1,0,1,53679,1,3,2,OK
1425,231,1,1,2,53792,1,3,4,OK
1427,53905,1,0,1,53905,1,3,2,OK
1429,54019,1,0,1,54019,1,3,2,OK
1431,15,1,2,3,54132,1,3,8,OK
1433,15,1,2,3,54246,1,3,8,OK
1435,54359,1,0,1,54359,1,3,2,OK
1437,54473,1,0,1,54473,1,3,2,OK
1439,54587,1,0,1,54587,1,3,2,OK
1441,54701,1,0,1,54701,1,3,2,OK
1443,54815,1,0,1,54815,1,3,2,OK
1445,54929,1,0,1,54929,1,3,2,OK
1447,55043,1,0,1,55043,1,3,2,OK
1449,55157,1,0,1,55157,1,3,2,OK
1451,55271,1,0,1,55271,1,3,2,OK
1453,55385,1,0,1,55385,1,3,2,OK
1455,235,1,1,2,55500,1,3,4,OK
1457,235,1,1,2,55614,1,3,4,OK
1459,55729,1,0,1,55729,1,3,2,OK
1461,55843,1,0,1,55843,1,3,2,OK
1463,15,1,2,3,55958,1,3,8,OK
1465,56073,1,0,1,56073,1,3,2,OK
1467,237,1,1,2,56188,1,3,4,OK
1469,56303,1,0,1,56303,1,3,2,OK
1471,237,1,1,2,56418,1,3,4,OK
1473,56533,1,0,1,56533,1,3,2,OK
1475,15,1,2,3,56648,1,3,8,OK
1477,56763,1,0,1,56763,1,3,2,OK
1479,56879,1,0,1,56879,1,3,2,OK
1481,15,1,2,3,56994,1,3,8,OK
1483,57109,1,0,1,57109,1,3,2,OK
1485,57225,1,0,1,57225,1,3,2,OK
1487,57341,1,0,1,57341,1,3,2,OK
1489,239,1,1,2,57456,1,3,4,OK
1491,239,1,1,2,57572,1,3,4,OK
1493,15,1,2,3,57688,1,3,8,OK
1495,15,1,2,3,57804,1,3,8,OK
1497,15,1,2,3,57920,1,3,8,OK
1499,15,1,2,3,58036,1,3,8,OK
1501,241,1,1,2,58152,1,3,4,OK
1503,58269,1,0,1,58269,1,3,2,OK
1505,58385,1,0,1,58385,1,3,2,OK
1507,58501,1,0,1,58501,1,3,2,OK
1509,15,1,2,3,58618,1,3,8,OK
1511,15,1,2,3,58734,1,3,8,OK
1513,58851,1,0,1,58851,1,3,2,OK
1515,15,1,2,3,58968,1,3,8,OK
1517,59085,1,0,1,59085,1,3,2,OK
1519,243,1,1,2,59202,1,3,4,OK
1521,59319,1,0,1,59319,1,3,2,OK
1523,243,1,1,2,59436,1,3,4,OK
1525,59553,1,0,1,59553,1,3,2,OK
1527,15,1,2,3,59670,1,3,8,OK
1529,59787,1,0,1,59787,1,3,2,OK
1531,15,1,2,3,59904,1,3,8,OK
1533,15,1,2,3,60022,1,3,8,OK
1535,60139,1,0,1,60139,1,3,2,OK
1537,60257,1,0,1,60257,1,3,2,OK
1539,60375,1,0,1,60375,1,3,2,OK
1541,245,1,1,2,60492,1,3,4,OK
1543,15,1,2,3,60610,1,3,8,OK
1545,15,1,2,3,60728,1,3,8,OK
1547,15,1,2,3,60846,1,3,8,OK
1549,15,1,2,3,60964,1,3,8,OK
1551,247,1,1,2,61082,1,3,4,OK
1553,247,1,1,2,61200,1,3,4,OK
1555,61319,1,0,1,61319,1,3,2,OK
1557,61437,1,0,1,61437,1,3,2,OK
1559,61555,1,0,1,61555,1,3,2,OK
1561,15,1,2,3,61674,1,3,8,OK
1563,15,1,2,3,61792,1,3,8,OK
1565,61911,1,0,1,61911,1,3,2,OK
1567,249,1,1,2,62030,1,3,4,OK
1569,62149,1,0,1,62149,1,3,2,OK
1571,62267,1,0,1,62267,1,3,2,OK
1573,249,1,1,2,62386,1,3,4,OK
1575,62505,1,0,1,62505,1,3,2,OK
1577,15,1,2,3,62624,1,3,8,OK
1579,15,1,2,3,62744,1,3,8,OK
1581,62863,1,0,1,62863,1,3,2,OK
1583,15,1,2,3,62982,1,3,8,OK
1585,251,1,1,2,63102,1,3,4,OK
1587,63221,1,0,1,63221,1,3,2,OK
1589,63341,1,0,1,63341,1,3,2,OK
1591,251,1,1,2,63460,1,3,4,OK
1593,15,1,2,3,63580,1,3,8,OK
1595,15,1,2,3,63700,1,3,8,OK
1597,15,1,2,3,63820,1,3,8,OK
1599,15,1,2,3,63940,1,3,8,OK
1601,253,1,1,2,64060,1,3,4,OK
1603,253,1,1,2,64180,1,3,4,OK
1605,253,1,1,2,64300,1,3,4,OK
1607,253,1,1,2,64420,1,3,4,OK
1609,15,1,2,3,64540,1,3,8,OK
1611,64661,1,0,1,64661,1,3,2,OK
1613,64781,1,0,1,64781,1,3,2,OK
1615,15,1,2,3,64902,1,3,8,OK
1617,15,1,2,3,65022,1,3,8,OK
1619,65143,1,0,1,65143,1,3,2,OK
1621,255,1,1,2,65264,1,3,4,OK
1623,255,1,1,2,65384,1,3,4,OK
1625,65505,1,0,1,65505,1,3,2,OK
1627,1,1,5,6,65626,1,3,64,OK
1629,65747,1,0,1,65747,1,3,2,OK
1631,1,1,5,6,65868,1,3,64,OK
1633,1,1,5,6,65990,1,3,64,OK
1635,66111,1,0,1,66111,1,3,2,OK
1637,257,1,1,2,66232,1,3,4,OK
1639,257,1,1,2,66354,1,3,4,OK
1641,66475,1,0,1,66475,1,3,2,OK
1643,66597,1,0,1,66597,1,3,2,OK
1645,1,1,5,6,66718,1,3,64,OK
1647,1,1,5,6,66840,1,3,64,OK
1649,1,1,5,6,66962,1,3,64,OK
1651,259,1,1,2,67084,1,3,4,OK
1653,259,1,1,2,67206,1,3,4,OK
1655,259,1,1,2,67328,1,3,4,OK
1657,259,1,1,2,67450,1,3,4,OK
1659,259,1,1,2,67572,1,3,4,OK
1661,1,1,5,6,67694,1,3,64,OK
1663,1,1,5,6,67816,1,3,64,OK
1665,67939,1,0,1,67939,1,3,2,OK
1667,68061,1,0,1,68061,1,3,2,OK
1669,261,1,1,2,68184,1,3,4,OK
1671,261,1,1,2,68306,1,3,4,OK
1673,68429,1,0,1,68429,1,3,2,OK
1675,261,1,1,2,68552,1,3,4,OK
1677,68675,1,0,1,68675,1,3,2,OK
1679,1,1,5,6,68798,1,3,64,OK
1681,68921,1,0,1,68921,1,3,2,OK
1683,1,1,5,6,69044,1,3,64,OK
1685,69167,1,0,1,69167,1,3,2,OK
1687,263,1,1,2,69290,1,3,4,OK
1689,69413,1,0,1,69413,1,3,2,OK
1691,263,1,1,2,69536,1,3,4,OK
1693,263,1,1,2,69660,1,3,4,OK
1695,69783,1,0,1,69783,1,3,2,OK
1697,69907,1,0,1,69907,1,3,2,OK
1699,1,1,5,6,70030,1,3,64,OK
1701,1,1,5,6,70154,1,3,64,OK
1703,265,1,1,2,70278,1,3,4,OK
1705,265,1,1,2,70402,1,3,4,OK
1707,265,1,1,2,70526,1,3,4,OK
1709,265,1,1,2,70650,1,3,4,OK
1711,1,1,5,6,70774,1,3,64,OK
1713,1,1,5,6,70898,1,3,64,OK
1715,1,1,5,6,71022,1,3,64,OK
1717,1,1,5,6,71146,1,3,64,OK
1719,71271,1,0,1,71271,1,3,2,OK
1721,71395,1,0,1,71395,1,3,2,OK
1723,267,1,1,2,71520,1,3,4,OK
1725,267,1,1,2,71644,1,3,4,OK
1727,71769,1,0,1,71769,1,3,2,OK
1729,71893,1,0,1,71893,1,3,2,OK
1731,1,1,5,6,72018,1,3,64,OK
1733,72143,1,0,1,72143,1,3,2,OK
1735,1,1,5,6,72268,1,3,64,OK
1737,72393,1,0,1,72393,1,3,2,OK
1739,269,1,1,2,72518,1,3,4,OK
1741,72643,1,0,1,72643,1,3,2,OK
1743,269,1,1,2,72768,1,3,4,OK
1745,269,1,1,2,72894,1,3,4,OK
1747,73019,1,0,1,73019,1,3,2,OK
1749,73145,1,0,1,73145,1,3,2,OK
1751,1,1,5,6,73270,1,3,64,OK
1753,1,1,5,6,73396,1,3,64,OK
1755,73521,1,0,1,73521,1,3,2,OK
1757,73647,1,0,1,73647,1,3,2,OK
1759,73773,1,0,1,73773,1,3,2,OK
1761,73899,1,0,1,73899,1,3,2,OK
1763,74025,1,0,1,74025,1,3,2,OK
1765,74151,1,0,1,74151,1,3,2,OK
1767,74277,1,0,1,74277,1,3,2,OK
1769,74403,1,0,1,74403,1,3,2,OK
1771,74529,1,0,1,74529,1,3,2,OK
1773,74655,1,0,1,74655,1,3,2,OK
1775,273,1,1,2,74782,1,3,4,OK
1777,273,1,1,2,74908,1,3,4,OK
1779,75035,1,0,1,75035,1,3,2,OK
1781,75161,1,0,1,75161,1,3,2,OK
1783,1,1,5,6,75288,1,3,64,OK
1785,1,1,5,6,75414,1,3,64,OK
1787,75541,1,0,1,75541,1,3,2,OK
1789,275,1,1,2,75668,1,3,4,OK
1791,75795,1,0,1,75795,1,3,2,OK
1793,275,1,1,2,75922,1,3,4,OK
1795,76049,1,0,1,76049,1,3,2,OK
1797,1,1,5,6,76176,1,3,64,OK
1799,76303,1,0,1,76303,1,3,2,OK
1801,76431,1,0,1,76431,1,3,2,OK
1803,1,1,5,6,76558,1,3,64,OK
1805,76685,1,0,1,76685,1,3,2,OK
1807,76813,1,0,1,76813,1,3,2,OK
1809,76941,1,0,1,76941,1,3,2,OK
1811,277,1,1,2,77068,1,3,4,OK
1813,277,1,1,2,77196,1,3,4,OK
1815,1,1,5,6,77324,1,3,64,OK
1817,77451,1,0,1,77451,1,3,2,OK
1819,77579,1,0,1,77579,1,3,2,OK
1821,77707,1,0,1,77707,1,3,2,OK
1823,77835,1,0,1,77835,1,3,2,OK
1825,279,1,1,2,77964,1,3,4,OK
1827,279,1,1,2,78092,1,3,4,OK
1829,279,1,1,2,78220,1,3,4,OK
1831,279,1,1,2,78348,1,3,4,OK
1833,78477,1,0,1,78477,1,3,2,OK
1835,78605,1,0,1,78605,1,3,2,OK
1837,1,1,5,6,78734,1,3,64,OK
1839,1,1,5,6,78862,1,3,64,OK
1841,78991,1,0,1,78991,1,3,2,OK
1843,281,1,1,2,79120,1,3,4,OK
1845,79249,1,0,1,79249,1,3,2,OK
1847,281,1,1,2,79378,1,3,4,OK
1849,79507,1,0,1,79507,1,3,2,OK
1851,1,1,5,6,79636,1,3,64,OK
1853,79765,1,0,1,79765,1,3,2,OK
1855,1,1,5,6,79894,1,3,64,OK
1857,80023,1,0,1,80023,1,3,2,OK
1859,283,1,1,2,80152,1,3,4,OK
1861,283,1,1,2,80282,1,3,4,OK
1863,80411,1,0,1,80411,1,3,2,OK
1865,80541,1,0,1,80541,1,3,2,OK
1867,1,1,5,6,80670,1,3,64,OK
1869,1,1,5,6,80800,1,3,64,OK
1871,1,1,5,6,80930,1,3,64,OK
1873,1,1,5,6,81060,1,3,64,OK
1875,81189,1,0,1,81189,1,3,2,OK
1877,81319,1,0,1,81319,1,3,2,OK
1879,81449,1,0,1,81449,1,3,2,OK
1881,81579,1,0,1,81579,1,3,2,OK
1883,285,1,1,2,81710,1,3,4,OK
1885,1,1,5,6,81840,1,3,64,OK
1887,1,1,5,6,81970,1,3,64,OK
1889,1,1,5,6,82100,1,3,64,OK
1891,82231,1,0,1,82231,1,3,2,OK
1893,82361,1,0,1,82361,1,3,2,OK
1895,287,1,1,2,82492,1,3,4,OK
1897,82623,1,0,1,82623,1,3,2,OK
1899,82753,1,0,1,82753,1,3,2,OK
1901,287,1,1,2,82884,1,3,4,OK
1903,83015,1,0,1,83015,1,3,2,OK
1905,1,1,5,6,83146,1,3,64,OK
1907,83277,1,0,1,83277,1,3,2,OK
1909,1,1,5,6,83408,1,3,64,OK
1911,83539,1,0,1,83539,1,3,2,OK
1913,289,1,1,2,83670,1,3,4,OK
1915,83801,1,0,1,83801,1,3,2,OK
1917,83933,1,0,1,83933,1,3,2,OK
1919,289,1,1,2,84064,1,3,4,OK
1921,84195,1,0,1,84195,1,3,2,OK
1923,84327,1,0,1,84327,1,3,2,OK
1925,84459,1,0,1,84459,1,3,2,OK
1927,17,1,2,3,84590,1,3,8,OK
1929,291,1,1,2,84722,1,3,4,OK
1931,291,1,1,2,84854,1,3,4,OK
1933,291,1,1,2,84986,1,3,4,OK
1935,291,1,1,2,85118,1,3,4,OK
1937,291,1,1,2,85250,1,3,4,OK
1939,17,1,2,3,85382,1,3,8,OK
1941,17,1,2,3,85514,1,3,8,OK
1943,17,1,2,3,85646,1,3,8,OK
1945,17,1,2,3,85778,1,3,8,OK
1947,85911,1,0,1,85911,1,3,2,OK
1949,86043,1,0,1,86043,1,3,2,OK
1951,86175,1,0,1,86175,1,3,2,OK
1953,293,1,1,2,86308,1,3,4,OK
1955,86441,1,0,1,86441,1,3,2,OK
1957,86573,1,0,1,86573,1,3,2,OK
1959,17,1,2,3,86706,1,3,8,OK
1961,86839,1,0,1,86839,1,3,2,OK
1963,17,1,2,3,86972,1,3,8,OK
1965,87105,1,0,1,87105,1,3,2,OK
1967,295,1,1,2,87238,1,3,4,OK
1969,87371,1,0,1,87371,1,3,2,OK
1971,295,1,1,2,87504,1,3,4,OK
1973,87637,1,0,1,87637,1,3,2,OK
1975,17,1,2,3,87770,1,3,8,OK
1977,17,1,2,3,87904,1,3,8,OK
1979,88037,1,0,1,88037,1,3,2,OK
1981,88171,1,0,1,88171,1,3,2,OK
1983,297,1,1,2,88304,1,3,4,OK
1985,297,1,1,2,88438,1,3,4,OK
1987,297,1,1,2,88572,1,3,4,OK
1989,88705,1,0,1,88705,1,3,2,OK
1991,88839,1,0,1,88839,1,3,2,OK
1993,88973,1,0,1,88973,1,3,2,OK
1995,89107,1,0,1,89107,1,3,2,OK
1997,89241,1,0,1,89241,1,3,2,OK
1999,89375,1,0,1,89375,1,3,2,OK
2001,89509,1,0,1,89509,1,3,2,OK
2003,299,1,1,2,89644,1,3,4,OK
2005,299,1,1,2,89778,1,3,4,OK
2007,299,1,1,2,89912,1,3,4,OK
2009,90047,1,0,1,90047,1,3,2,OK
2011,90181,1,0,1,90181,1,3,2,OK
2013,17,1,2,3,90316,1,3,8,OK
2015,17,1,2,3,90450,1,3,8,OK
2017,90585,1,0,1,90585,1,3,2,OK
2019,301,1,1,2,90720,1,3,4,OK
2021,90855,1,0,1,90855,1,3,2,OK
2023,301,1,1,2,90990,1,3,4,OK
2025,91125,1,0,1,91125,1,3,2,OK
2027,17,1,2,3,91260,1,3,8,OK
2029,91395,1,0,1,91395,1,3,2,OK
2031,17,1,2,3,91530,1,3,8,OK
2033,91665,1,0,1,91665,1,3,2,OK
2035,17,1,2,3,91800,1,3,8,OK
2037,303,1,1,2,91936,1,3,4,OK
2039,92071,1,0,1,92071,1,3,2,OK
2041,92207,1,0,1,92207,1,3,2,OK
2043,303,1,1,2,92342,1,3,4,OK
2045,17,1,2,3,92478,1,3,8,OK
2047,17,1,2,3,92614,1,3,8,OK
2049,92749,1,0,1,92749,1,3,2,OK
2051,92885,1,0,1,92885,1,3,2,OK
2053,93021,1,0,1,93021,1,3,2,OK
2055,93157,1,0,1,93157,1,3,2,OK
2057,93293,1,0,1,93293,1,3,2,OK
2059,93429,1,0,1,93429,1,3,2,OK
2061,93565,1,0,1,93565,1,3,2,OK
2063,93701,1,0,1,93701,1,3,2,OK
2065,17,1,2,3,93838,1,3,8,OK
2067,17,1,2,3,93974,1,3,8,OK
2069,94111,1,0,1,94111,1,3,2,OK
2071,94247,1,0,1,94247,1,3,2,OK
2073,307,1,1,2,94384,1,3,4,OK
2075,307,1,1,2,94520,1,3,4,OK
2077,94657,1,0,1,94657,1,3,2,OK
2079,307,1,1,2,94794,1,3,4,OK
2081,94931,1,0,1,94931,1,3,2,OK
2083,95067,1,0,1,95067,1,3,2,OK
2085,17,1,2,3,95204,1,3,8,OK
2087,95341,1,0,1,95341,1,3,2,OK
2089,17,1,2,3,95478,1,3,8,OK
2091,309,1,1,2,95616,1,3,4,OK
2093,95753,1,0,1,95753,1,3,2,OK
2095,309,1,1,2,95890,1,3,4,OK
2097,96027,1,0,1,96027,1,3,2,OK
2099,96165,1,0,1,96165,1,3,2,OK
2101,17,1,2,3,96302,1,3,8,OK
2103,17,1,2,3,96440,1,3,8,OK
2105,96577,1,0,1,96577,1,3,2,OK
2107,96715,1,0,1,96715,1,3,2,OK
2109,96853,1,0,1,96853,1,3,2,OK
2111,96991,1,0,1,96991,1,3,2,OK
2113,97129,1,0,1,97129,1,3,2,OK
2115,97267,1,0,1,97267,1,3,2,OK
2117,97405,1,0,1,97405,1,3,2,OK
2119,97543,1,0,1,97543,1,3,2,OK
2121,97681,1,0,1,97681,1,3,2,OK
2123,97819,1,0,1,97819,1,3,2,OK
2125,97957,1,0,1,97957,1,3,2,OK
2127,98095,1,0,1,98095,1,3,2,OK
2129,313,1,1,2,98234,1,3,4,OK
2131,313,1,1,2,98372,1,3,4,OK
2133,98511,1,0,1,98511,1,3,2,OK
2135,98649,1,0,1,98649,1,3,2,OK
2137,17,1,2,3,98788,1,3,8,OK
2139,98927,1,0,1,98927,1,3,2,OK
2141,17,1,2,3,99066,1,3,8,OK
2143,17,1,2,3,99204,1,3,8,OK
2145,99343,1,0,1,99343,1,3,2,OK
2147,315,1,1,2,99482,1,3,4,OK
2149,99621,1,0,1,99621,1,3,2,OK
2151,315,1,1,2,99760,1,3,4,OK
2153,17,1,2,3,99900,1,3,8,OK
2155,100039,1,0,1,100039,1,3,2,OK
2157,17,1,2,3,100178,1,3,8,OK
2159,17,1,2,3,100318,1,3,8,OK
2161,100457,1,0,1,100457,1,3,2,OK
2163,317,1,1,2,100596,1,3,4,OK
2165,317,1,1,2,100736,1,3,4,OK
2167,317,1,1,2,100876,1,3,4,OK
2169,101015,1,0,1,101015,1,3,2,OK
2171,101155,1,0,1,101155,1,3,2,OK
2173,101295,1,0,1,101295,1,3,2,OK
2175,101435,1,0,1,101435,1,3,2,OK
2177,101575,1,0,1,101575,1,3,2,OK
2179,101715,1,0,1,101715,1,3,2,OK
2181,101855,1,0,1,101855,1,3,2,OK
2183,101995,1,0,1,101995,1,3,2,OK
2185,102135,1,0,1,102135,1,3,2,OK
2187,102275,1,0,1,102275,1,3,2,OK
2189,17,1,2,3,102416,1,3,8,OK
2191,17,1,2,3,102556,1,3,8,OK
2193,102697,1,0,1,102697,1,3,2,OK
2195,102837,1,0,1,102837,1,3,2,OK
2197,17,1,2,3,102978,1,3,8,OK
2199,321,1,1,2,103118,1,3,4,OK
2201,103259,1,0,1,103259,1,3,2,OK
2203,321,1,1,2,103400,1,3,4,OK
2205,103541,1,0,1,103541,1,3,2,OK
2207,321,1,1,2,103682,1,3,4,OK
2209,103823,1,0,1,103823,1,3,2,OK
2211,17,1,2,3,103964,1,3,8,OK
2213,104105,1,0,1,104105,1,3,2,OK
2215,17,1,2,3,104246,1,3,8,OK
2217,104387,1,0,1,104387,1,3,2,OK
2219,323,1,1,2,104528,1,3,4,OK
2221,323,1,1,2,104670,1,3,4,OK
2223,104811,1,0,1,104811,1,3,2,OK
2225,104953,1,0,1,104953,1,3,2,OK
2227,1,1,5,6,105094,1,3,64,OK
2229,1,1,5,6,105236,1,3,64,OK
2231,105377,1,0,1,105377,1,3,2,OK
2233,105519,1,0,1,105519,1,3,2,OK
2235,105661,1,0,1,105661,1,3,2,OK
2237,105803,1,0,1,105803,1,3,2,OK
2239,105945,1,0,1,105945,1,3,2,OK
2241,106087,1,0,1,106087,1,3,2,OK
2243,106229,1,0,1,106229,1,3,2,OK
2245,106371,1,0,1,106371,1,3,2,OK
2247,106513,1,0,1,106513,1,3,2,OK
2249,106655,1,0,1,106655,1,3,2,OK
2251,1,1,5,6,106798,1,3,64,OK
2253,327,1,1,2,106940,1,3,4,OK
2255,327,1,1,2,107082,1,3,4,OK
2257,107225,1,0,1,107225,1,3,2,OK
2259,107367,1,0,1,107367,1,3,2,OK
2261,327,1,1,2,107510,1,3,4,OK
2263,107653,1,0,1,107653,1,3,2,OK
2265,107795,1,0,1,107795,1,3,2,OK
2267,1,1,5,6,107938,1,3,64,OK
2269,108081,1,0,1,108081,1,3,2,OK
2271,1,1,5,6,108224,1,3,64,OK
2273,108367,1,0,1,108367,1,3,2,OK
2275,329,1,1,2,108510,1,3,4,OK
2277,108653,1,0,1,108653,1,3,2,OK
2279,329,1,1,2,108796,1,3,4,OK
2281,1,1,5,6,108940,1,3,64,OK
2283,109083,1,0,1,109083,1,3,2,OK
2285,1,1,5,6,109226,1,3,64,OK
2287,1,1,5,6,109370,1,3,64,OK
2289,109513,1,0,1,109513,1,3,2,OK
2291,109657,1,0,1,109657,1,3,2,OK
2293,331,1,1,2,109800,1,3,4,OK
2295,331,1,1,2,109944,1,3,4,OK
2297,331,1,1,2,110088,1,3,4,OK
2299,1,1,5,6,110232,1,3,64,OK
2301,1,1,5,6,110376,1,3,64,OK
2303,1,1,5,6,110520,1,3,64,OK
2305,1,1,5,6,110664,1,3,64,OK
2307,1,1,5,6,110808,1,3,64,OK
2309,333,1,1,2,110952,1,3,4,OK
2311,333,1,1,2,111096,1,3,4,OK
2313,333,1,1,2,111240,1,3,4,OK
2315,333,1,1,2,111384,1,3,4,OK
2317,111529,1,0,1,111529,1,3,2,OK
2319,111673,1,0,1,111673,1,3,2,OK
2321,1,1,5,6,111818,1,3,64,OK
2323,1,1,5,6,111962,1,3,64,OK
2325,112107,1,0,1,112107,1,3,2,OK
2327,335,1,1,2,112252,1,3,4,OK
2329,335,1,1,2,112396,1,3,4,OK
2331,112541,1,0,1,112541,1,3,2,OK
2333,335,1,1,2,112686,1,3,4,OK
2335,112831,1,0,1,112831,1,3,2,OK
2337,1,1,5,6,112976,1,3,64,OK
2339,113121,1,0,1,113121,1,3,2,OK
2341,1,1,5,6,113266,1,3,64,OK
2343,113411,1,0,1,113411,1,3,2,OK
2345,113557,1,0,1,113557,1,3,2,OK
2347,337,1,1,2,113702,1,3,4,OK
2349,113847,1,0,1,113847,1,3,2,OK
2351,113993,1,0,1,113993,1,3,2,OK
2353,337,1,1,2,114138,1,3,4,OK
2355,1,1,5,6,114284,1,3,64,OK
2357,114429,1,0,1,114429,1,3,2,OK
2359,114575,1,0,1,114575,1,3,2,OK
2361,114721,1,0,1,114721,1,3,2,OK
2363,114867,1,0,1,114867,1,3,2,OK
2365,339,1,1,2,115012,1,3,4,OK
2367,339,1,1,2,115158,1,3,4,OK
2369,339,1,1,2,115304,1,3,4,OK
2371,339,1,1,2,115450,1,3,4,OK
2373,115597,1,0,1,115597,1,3,2,OK
2375,115743,1,0,1,115743,1,3,2,OK
2377,115889,1,0,1,115889,1,3,2,OK
2379,116035,1,0,1,116035,1,3,2,OK
2381,1,1,5,6,116182,1,3,64,OK
2383,341,1,1,2,116328,1,3,4,OK
2385,341,1,1,2,116474,1,3,4,OK
2387,116621,1,0,1,116621,1,3,2,OK
2389,341,1,1,2,116768,1,3,4,OK
2391,341,1,1,2,116914,1,3,4,OK
2393,117061,1,0,1,117061,1,3,2,OK
2395,1,1,5,6,117208,1,3,64,OK
2397,117355,1,0,1,117355,1,3,2,OK
2399,1,1,5,6,117502,1,3,64,OK
2401,117649,1,0,1,117649,1,3,2,OK
2403,343,1,1,2,117796,1,3,4,OK
2405,117943,1,0,1,117943,1,3,2,OK
2407,343,1,1,2,118090,1,3,4,OK
2409,118237,1,0,1,118237,1,3,2,OK
2411,1,1,5,6,118384,1,3,64,OK
2413,1,1,5,6,118532,1,3,64,OK
2415,118679,1,0,1,118679,1,3,2,OK
2417,1,1,5,6,118826,1,3,64,OK
2419,1,1,5,6,118974,1,3,64,OK
2421,345,1,1,2,119122,1,3,4,OK
2423,119269,1,0,1,119269,1,3,2,OK
2425,119417,1,0,1,119417,1,3,2,OK
2427,119565,1,0,1,119565,1,3,2,OK
2429,345,1,1,2,119712,1,3,4,OK
2431,1,1,5,6,119860,1,3,64,OK
2433,1,1,5,6,120008,1,3,64,OK
2435,1,1,5,6,120156,1,3,64,OK
2437,1,1,5,6,120304,1,3,64,OK
2439,120453,1,0,1,120453,1,3,2,OK
2441,120601,1,0,1,120601,1,3,2,OK
2443,120749,1,0,1,120749,1,3,2,OK
2445,120897,1,0,1,120897,1,3,2,OK
2447,347,1,1,2,121046,1,3,4,OK
2449,1,1,5,6,121194,1,3,64,OK
2451,121343,1,0,1,121343,1,3,2,OK
2453,121491,1,0,1,121491,1,3,2,OK
2455,1,1,5,6,121640,1,3,64,OK
2457,1,1,5,6,121788,1,3,64,OK
2459,121937,1,0,1,121937,1,3,2,OK
2461,349,1,1,2,122086,1,3,4,OK
2463,122235,1,0,1,122235,1,3,2,OK
2465,349,1,1,2,122384,1,3,4,OK
2467,122533,1,0,1,122533,1,3,2,OK
2469,1,1,5,6,122682,1,3,64,OK
2471,122831,1,0,1,122831,1,3,2,OK
2473,1,1,5,6,122980,1,3,64,OK
2475,123129,1,0,1,123129,1,3,2,OK
2477,351,1,1,2,123278,1,3,4,OK
2479,351,1,1,2,123428,1,3,4,OK
2481,123577,1,0,1,123577,1,3,2,OK
2483,123727,1,0,1,123727,1,3,2,OK
2485,351,1,1,2,123876,1,3,4,OK
2487,1,1,5,6,124026,1,3,64,OK
2489,124175,1,0,1,124175,1,3,2,OK
2491,124325,1,0,1,124325,1,3,2,OK
2493,124475,1,0,1,124475,1,3,2,OK
2495,124625,1,0,1,124625,1,3,2,OK
2497,124775,1,0,1,124775,1,3,2,OK
2499,124925,1,0,1,124925,1,3,2,OK
2501,125075,1,0,1,125075,1,3,2,OK
2503,125225,1,0,1,125225,1,3,2,OK
2505,125375,1,0,1,125375,1,3,2,OK
2507,125525,1,0,1,125525,1,3,2,OK
2509,125675,1,0,1,125675,1,3,2,OK
2511,125825,1,0,1,125825,1,3,2,OK
2513,1,1,5,6,125976,1,3,64,OK
2515,355,1,1,2,126126,1,3,4,OK
2517,126277,1,0,1,126277,1,3,2,OK
2519,126427,1,0,1,126427,1,3,2,OK
2521,355,1,1,2,126578,1,3,4,OK
2523,355,1,1,2,126728,1,3,4,OK
2525,126879,1,0,1,126879,1,3,2,OK
2527,1,1,5,6,127030,1,3,64,OK
2529,127181,1,0,1,127181,1,3,2,OK
2531,1,1,5,6,127332,1,3,64,OK
2533,127483,1,0,1,127483,1,3,2,OK
2535,357,1,1,2,127634,1,3,4,OK
2537,127785,1,0,1,127785,1,3,2,OK
2539,357,1,1,2,127936,1,3,4,OK
2541,128087,1,0,1,128087,1,3,2,OK
2543,1,1,5,6,128238,1,3,64,OK
2545,1,1,5,6,128390,1,3,64,OK
2547,128541,1,0,1,128541,1,3,2,OK
2549,1,1,5,6,128692,1,3,64,OK
2551,1,1,5,6,128844,1,3,64,OK
2553,128995,1,0,1,128995,1,3,2,OK
2555,129147,1,0,1,129147,1,3,2,OK
2557,129299,1,0,1,129299,1,3,2,OK
2559,129451,1,0,1,129451,1,3,2,OK
2561,1,1,5,6,129602,1,3,64,OK
2563,1,1,5,6,129754,1,3,64,OK
2565,1,1,5,6,129906,1,3,64,OK
2567,1,1,5,6,130058,1,3,64,OK
2569,1,1,5,6,130210,1,3,64,OK
2571,361,1,1,2,130362,1,3,4,OK
2573,361,1,1,2,130514,1,3,4,OK
2575,361,1,1,2,130666,1,3,4,OK
2577,130819,1,0,1,130819,1,3,2,OK
2579,130971,1,0,1,130971,1,3,2,OK
2581,131123,1,0,1,131123,1,3,2,OK
2583,19,1,2,3,131276,1,3,8,OK
2585,19,1,2,3,131428,1,3,8,OK
2587,131581,1,0,1,131581,1,3,2,OK
2589,19,1,2,3,131734,1,3,8,OK
2591,363,1,1,2,131886,1,3,4,OK
2593,132039,1,0,1,132039,1,3,2,OK
2595,363,1,1,2,132192,1,3,4,OK
2597,132345,1,0,1,132345,1,3,2,OK
2599,19,1,2,3,132498,1,3,8,OK
2601,132651,1,0,1,132651,1,3,2,OK
2603,19,1,2,3,132804,1,3,8,OK
2605,132957,1,0,1,132957,1,3,2,OK
2607,19,1,2,3,133110,1,3,8,OK
2609,133263,1,0,1,133263,1,3,2,OK
2611,365,1,1,2,133416,1,3,4,OK
2613,365,1,1,2,133570,1,3,4,OK
2615,133723,1,0,1,133723,1,3,2,OK
2617,365,1,1,2,133876,1,3,4,OK
2619,19,1,2,3,134030,1,3,8,OK
2621,134183,1,0,1,134183,1,3,2,OK
2623,134337,1,0,1,134337,1,3,2,OK
2625,134491,1,0,1,134491,1,3,2,OK
2627,19,1,2,3,134644,1,3,8,OK
2629,367,1,1,2,134798,1,3,4,OK
2631,367,1,1,2,134952,1,3,4,OK
2633,367,1,1,2,135106,1,3,4,OK
2635,367,1,1,2,135260,1,3,4,OK
2637,367,1,1,2,135414,1,3,4,OK
2639,19,1,2,3,135568,1,3,8,OK
2641,19,1,2,3,135722,1,3,8,OK
2643,19,1,2,3,135876,1,3,8,OK
2645,136031,1,0,1,136031,1,3,2,OK
2647,136185,1,0,1,136185,1,3,2,OK
2649,136339,1,0,1,136339,1,3,2,OK
2651,369,1,1,2,136494,1,3,4,OK
2653,369,1,1,2,136648,1,3,4,OK
2655,136803,1,0,1,136803,1,3,2,OK
2657,136957,1,0,1,136957,1,3,2,OK
2659,19,1,2,3,137112,1,3,8,OK
2661,137267,1,0,1,137267,1,3,2,OK
2663,19,1,2,3,137422,1,3,8,OK
2665,19,1,2,3,137576,1,3,8,OK
2667,137731,1,0,1,137731,1,3,2,OK
2669,371,1,1,2,137886,1,3,4,OK
2671,138041,1,0,1,138041,1,3,2,OK
2673,371,1,1,2,138196,1,3,4,OK
2675,371,1,1,2,138352,1,3,4,OK
2677,138507,1,0,1,138507,1,3,2,OK
2679,19,1,2,3,138662,1,3,8,OK
2681,138817,1,0,1,138817,1,3,2,OK
2683,138973,1,0,1,138973,1,3,2,OK
2685,19,1,2,3,139128,1,3,8,OK
2687,373,1,1,2,139284,1,3,4,OK
2689,139439,1,0,1,139439,1,3,2,OK
2691,139595,1,0,1,139595,1,3,2,OK
2693,373,1,1,2,139750,1,3,4,OK
2695,19,1,2,3,139906,1,3,8,OK
2697,19,1,2,3,140062,1,3,8,OK
2699,19,1,2,3,140218,1,3,8,OK
2701,19,1,2,3,140374,1,3,8,OK
2703,19,1,2,3,140530,1,3,8,OK
2705,375,1,1,2,140686,1,3,4,OK
2707,375,1,1,2,140842,1,3,4,OK
2709,375,1,1,2,140998,1,3,4,OK
2711,375,1,1,2,141154,1,3,4,OK
2713,375,1,1,2,141310,1,3,4,OK
2715,19,1,2,3,141466,1,3,8,OK
2717,141623,1,0,1,141623,1,3,2,OK
2719,141779,1,0,1,141779,1,3,2,OK
2721,19,1,2,3,141936,1,3,8,OK
2723,19,1,2,3,142092,1,3,8,OK
2725,142249,1,0,1,142249,1,3,2,OK
2727,142405,1,0,1,142405,1,3,2,OK
2729,377,1,1,2,142562,1,3,4,OK
2731,142719,1,0,1,142719,1,3,2,OK
2733,377,1,1,2,142876,1,3,4,OK
2735,19,1,2,3,143032,1,3,8,OK
2737,143189,1,0,1,143189,1,3,2,OK
2739,19,1,2,3,143346,1,3,8,OK
2741,143503,1,0,1,143503,1,3,2,OK
2743,379,1,1,2,143660,1,3,4,OK
2745,379,1,1,2,143818,1,3,4,OK
2747,143975,1,0,1,143975,1,3,2,OK
2749,379,1,1,2,144132,1,3,4,OK
2751,144289,1,0,1,144289,1,3,2,OK
2753,144447,1,0,1,144447,1,3,2,OK
2755,19,1,2,3,144604,1,3,8,OK
2757,19,1,2,3,144762,1,3,8,OK
2759,144919,1,0,1,144919,1,3,2,OK
2761,145077,1,0,1,145077,1,3,2,OK
2763,145235,1,0,1,145235,1,3,2,OK
2765,381,1,1,2,145392,1,3,4,OK
2767,381,1,1,2,145550,1,3,4,OK
2769,381,1,1,2,145708,1,3,4,OK
2771,381,1,1,2,145866,1,3,4,OK
2773,19,1,2,3,146024,1,3,8,OK
2775,19,1,2,3,146182,1,3,8,OK
2777,19,1,2,3,146340,1,3,8,OK
2779,19,1,2,3,146498,1,3,8,OK
2781,19,1,2,3,146656,1,3,8,OK
2783,383,1,1,2,146814,1,3,4,OK
2785,146973,1,0,1,146973,1,3,2,OK
2787,147131,1,0,1,147131,1,3,2,OK
2789,147289,1,0,1,147289,1,3,2,OK
2791,383,1,1,2,147448,1,3,4,OK
2793,19,1,2,3,147606,1,3,8,OK
2795,147765,1,0,1,147765,1,3,2,OK
2797,19,1,2,3,147924,1,3,8,OK
2799,19,1,2,3,148082,1,3,8,OK
2801,148241,1,0,1,148241,1,3,2,OK
2803,385,1,1,2,148400,1,3,4,OK
2805,148559,1,0,1,148559,1,3,2,OK
2807,385,1,1,2,148718,1,3,4,OK
2809,148877,1,0,1,148877,1,3,2,OK
2811,19,1,2,3,149036,1,3,8,OK
2813,149195,1,0,1,149195,1,3,2,OK
2815,19,1,2,3,149354,1,3,8,OK
2817,149513,1,0,1,149513,1,3,2,OK
2819,19,1,2,3,149672,1,3,8,OK
2821,387,1,1,2,149832,1,3,4,OK
2823,149991,1,0,1,149991,1,3,2,OK
2825,387,1,1,2,150150,1,3,4,OK
2827,387,1,1,2,150310,1,3,4,OK
2829,150469,1,0,1,150469,1,3,2,OK
2831,150629,1,0,1,150629,1,3,2,OK
2833,150789,1,0,1,150789,1,3,2,OK
2835,19,1,2,3,150948,1,3,8,OK
2837,19,1,2,3,151108,1,3,8,OK
2839,19,1,2,3,151268,1,3,8,OK
2841,389,1,1,2,151428,1,3,4,OK
2843,389,1,1,2,151588,1,3,4,OK
2845,389,1,1,2,151748,1,3,4,OK
2847,389,1,1,2,151908,1,3,4,OK
2849,389,1,1,2,152068,1,3,4,OK
2851,19,1,2,3,152228,1,3,8,OK
2853,19,1,2,3,152388,1,3,8,OK
2855,19,1,2,3,152548,1,3,8,OK
2857,152709,1,0,1,152709,1,3,2,OK
2859,152869,1,0,1,152869,1,3,2,OK
2861,391,1,1,2,153030,1,3,4,OK
2863,391,1,1,2,153190,1,3,4,OK
2865,153351,1,0,1,153351,1,3,2,OK
2867,153511,1,0,1,153511,1,3,2,OK
2869,19,1,2,3,153672,1,3,8,OK
2871,153833,1,0,1,153833,1,3,2,OK
2873,153993,1,0,1,153993,1,3,2,OK
2875,19,1,2,3,154154,1,3,8,OK
2877,154315,1,0,1,154315,1,3,2,OK
2879,393,1,1,2,154476,1,3,4,OK
2881,154637,1,0,1,154637,1,3,2,OK
2883,393,1,1,2,154798,1,3,4,OK
2885,154959,1,0,1,154959,1,3,2,OK
2887,393,1,1,2,155120,1,3,4,OK
2889,19,1,2,3,155282,1,3,8,OK
2891,155443,1,0,1,155443,1,3,2,OK
2893,19,1,2,3,155604,1,3,8,OK
2895,19,1,2,3,155766,1,3,8,OK
2897,155927,1,0,1,155927,1,3,2,OK
2899,156089,1,0,1,156089,1,3,2,OK
2901,395,1,1,2,156250,1,3,4,OK
2903,395,1,1,2,156412,1,3,4,OK
2905,156573,1,0,1,156573,1,3,2,OK
2907,156735,1,0,1,156735,1,3,2,OK
2909,156897,1,0,1,156897,1,3,2,OK
2911,157059,1,0,1,157059,1,3,2,OK
2913,157221,1,0,1,157221,1,3,2,OK
2915,157383,1,0,1,157383,1,3,2,OK
2917,157545,1,0,1,157545,1,3,2,OK
2919,157707,1,0,1,157707,1,3,2,OK
2921,157869,1,0,1,157869,1,3,2,OK
2923,158031,1,0,1,158031,1,3,2,OK
2925,158193,1,0,1,158193,1,3,2,OK
2927,158355,1,0,1,158355,1,3,2,OK
2929,19,1,2,3,158518,1,3,8,OK
2931,19,1,2,3,158680,1,3,8,OK
2933,158843,1,0,1,158843,1,3,2,OK
2935,159005,1,0,1,159005,1,3,2,OK
2937,19,1,2,3,159168,1,3,8,OK
2939,399,1,1,2,159330,1,3,4,OK
2941,159493,1,0,1,159493,1,3,2,OK
2943,399,1,1,2,159656,1,3,4,OK
2945,399,1,1,2,159818,1,3,4,OK
2947,159981,1,0,1,159981,1,3,2,OK
2949,1,1,5,6,160144,1,3,64,OK
2951,160307,1,0,1,160307,1,3,2,OK
2953,1,1,5,6,160470,1,3,64,OK
2955,160633,1,0,1,160633,1,3,2,OK
2957,1,1,5,6,160796,1,3,64,OK
2959,160959,1,0,1,160959,1,3,2,OK
2961,161123,1,0,1,161123,1,3,2,OK
2963,401,1,1,2,161286,1,3,4,OK
2965,161449,1,0,1,161449,1,3,2,OK
2967,161613,1,0,1,161613,1,3,2,OK
2969,1,1,5,6,161776,1,3,64,OK
2971,161939,1,0,1,161939,1,3,2,OK
2973,162103,1,0,1,162103,1,3,2,OK
2975,162267,1,0,1,162267,1,3,2,OK
2977,403,1,1,2,162430,1,3,4,OK
2979,403,1,1,2,162594,1,3,4,OK
2981,403,1,1,2,162758,1,3,4,OK
2983,403,1,1,2,162922,1,3,4,OK
2985,163085,1,0,1,163085,1,3,2,OK
2987,163249,1,0,1,163249,1,3,2,OK
2989,163413,1,0,1,163413,1,3,2,OK
2991,163577,1,0,1,163577,1,3,2,OK
2993,163741,1,0,1,163741,1,3,2,OK
2995,1,1,5,6,163906,1,3,64,OK
2997,405,1,1,2,164070,1,3,4,OK
2999,405,1,1,2,164234,1,3,4,OK
3001,405,1,1,2,164398,1,3,4,OK
3003,164563,1,0,1,164563,1,3,2,OK
3005,164727,1,0,1,164727,1,3,2,OK
3007,1,1,5,6,164892,1,3,64,OK
3009,1,1,5,6,165056,1,3,64,OK
3011,165221,1,0,1,165221,1,3,2,OK
3013,165385,1,0,1,165385,1,3,2,OK
3015,1,1,5,6,165550,1,3,64,OK
3017,165715,1,0,1,165715,1,3,2,OK
3019,407,1,1,2,165880,1,3,4,OK
3021,166045,1,0,1,166045,1,3,2,OK
3023,407,1,1,2,166210,1,3,4,OK
3025,166375,1,0,1,166375,1,3,2,OK
3027,1,1,5,6,166540,1,3,64,OK
3029,166705,1,0,1,166705,1,3,2,OK
3031,1,1,5,6,166870,1,3,64,OK
3033,167035,1,0,1,167035,1,3,2,OK
3035,1,1,5,6,167200,1,3,64,OK
3037,167365,1,0,1,167365,1,3,2,OK
3039,167531,1,0,1,167531,1,3,2,OK
3041,409,1,1,2,167696,1,3,4,OK
3043,409,1,1,2,167862,1,3,4,OK
3045,168027,1,0,1,168027,1,3,2,OK
3047,168193,1,0,1,168193,1,3,2,OK
3049,1,1,5,6,168358,1,3,64,OK
3051,1,1,5,6,168524,1,3,64,OK
3053,1,1,5,6,168690,1,3,64,OK
3055,1,1,5,6,168856,1,3,64,OK
3057,169021,1,0,1,169021,1,3,2,OK
3059,169187,1,0,1,169187,1,3,2,OK
3061,169353,1,0,1,169353,1,3,2,OK
3063,169519,1,0,1,169519,1,3,2,OK
3065,169685,1,0,1,169685,1,3,2,OK
3067,169851,1,0,1,169851,1,3,2,OK
3069,1,1,5,6,170018,1,3,64,OK
3071,1,1,5,6,170184,1,3,64,OK
3073,1,1,5,6,170350,1,3,64,OK
3075,1,1,5,6,170516,1,3,64,OK
3077,170683,1,0,1,170683,1,3,2,OK
3079,170849,1,0,1,170849,1,3,2,OK
3081,413,1,1,2,171016,1,3,4,OK
3083,413,1,1,2,171182,1,3,4,OK
3085,171349,1,0,1,171349,1,3,2,OK
3087,1,1,5,6,171516,1,3,64,OK
3089,1,1,5,6,171682,1,3,64,OK
3091,171849,1,0,1,171849,1,3,2,OK
3093,1,1,5,6,172016,1,3,64,OK
3095,172183,1,0,1,172183,1,3,2,OK
3097,415,1,1,2,172350,1,3,4,OK
3099,172517,1,0,1,172517,1,3,2,OK
3101,415,1,1,2,172684,1,3,4,OK
3103,172851,1,0,1,172851,1,3,2,OK
3105,415,1,1,2,173018,1,3,4,OK
3107,173185,1,0,1,173185,1,3,2,OK
3109,1,1,5,6,173352,1,3,64,OK
3111,1,1,5,6,173520,1,3,64,OK
3113,173687,1,0,1,173687,1,3,2,OK
3115,1,1,5,6,173854,1,3,64,OK
3117,417,1,1,2,174022,1,3,4,OK
3119,174189,1,0,1,174189,1,3,2,OK
3121,174357,1,0,1,174357,1,3,2,OK
3123,174525,1,0,1,174525,1,3,2,OK
3125,417,1,1,2,174692,1,3,4,OK
3127,1,1,5,6,174860,1,3,64,OK
3129,1,1,5,6,175028,1,3,64,OK
3131,1,1,5,6,175196,1,3,64,OK
3133,1,1,5,6,175364,1,3,64,OK
3135,1,1,5,6,175532,1,3,64,OK
3137,419,1,1,2,175700,1,3,4,OK
3139,419,1,1,2,175868,1,3,4,OK
3141,419,1,1,2,176036,1,3,4,OK
3143,419,1,1,2,176204,1,3,4,OK
3145,419,1,1,2,176372,1,3,4,OK
3147,1,1,5,6,176540,1,3,64,OK
3149,176709,1,0,1,176709,1,3,2,OK
3151,176877,1,0,1,176877,1,3,2,OK
3153,177045,1,0,1,177045,1,3,2,OK
3155,1,1,5,6,177214,1,3,64,OK
3157,421,1,1,2,177382,1,3,4,OK
3159,177551,1,0,1,177551,1,3,2,OK
3161,421,1,1,2,177720,1,3,4,OK
3163,421,1,1,2,177888,1,3,4,OK
3165,178057,1,0,1,178057,1,3,2,OK
3167,1,1,5,6,178226,1,3,64,OK
3169,178395,1,0,1,178395,1,3,2,OK
3171,1,1,5,6,178564,1,3,64,OK
3173,178733,1,0,1,178733,1,3,2,OK
3175,1,1,5,6,178902,1,3,64,OK
3177,179071,1,0,1,179071,1,3,2,OK
3179,423,1,1,2,179240,1,3,4,OK
3181,179409,1,0,1,179409,1,3,2,OK
3183,423,1,1,2,179578,1,3,4,OK
3185,423,1,1,2,179748,1,3,4,OK
3187,179917,1,0,1,179917,1,3,2,OK
3189,1,1,5,6,180086,1,3,64,OK
3191,1,1,5,6,180256,1,3,64,OK
3193,180425,1,0,1,180425,1,3,2,OK
3195,180595,1,0,1,180595,1,3,2,OK
3197,425,1,1,2,180764,1,3,4,OK
3199,425,1,1,2,180934,1,3,4,OK
3201,425,1,1,2,181104,1,3,4,OK
3203,181273,1,0,1,181273,1,3,2,OK
3205,181443,1,0,1,181443,1,3,2,OK
3207,181613,1,0,1,181613,1,3,2,OK
3209,181783,1,0,1,181783,1,3,2,OK
3211,181953,1,0,1,181953,1,3,2,OK
3213,182123,1,0,1,182123,1,3,2,OK
3215,182293,1,0,1,182293,1,3,2,OK
3217,182463,1,0,1,182463,1,3,2,OK
3219,182633,1,0,1,182633,1,3,2,OK
3221,427,1,1,2,182804,1,3,4,OK
3223,427,1,1,2,182974,1,3,4,OK
3225,427,1,1,2,183144,1,3,4,OK
3227,183315,1,0,1,183315,1,3,2,OK
3229,183485,1,0,1,183485,1,3,2,OK
3231,1,1,5,6,183656,1,3,64,OK
3233,1,1,5,6,183826,1,3,64,OK
3235,183997,1,0,1,183997,1,3,2,OK
3237,184167,1,0,1,184167,1,3,2,OK
3239,429,1,1,2,184338,1,3,4,OK
3241,184509,1,0,1,184509,1,3,2,OK
3243,429,1,1,2,184680,1,3,4,OK
3245,184851,1,0,1,184851,1,3,2,OK
3247,1,1,5,6,185022,1,3,64,OK
3249,185193,1,0,1,185193,1,3,2,OK
3251,1,1,5,6,185364,1,3,64,OK
3253,185535,1,0,1,185535,1,3,2,OK
3255,1,1,5,6,185706,1,3,64,OK
3257,185877,1,0,1,185877,1,3,2,OK
3259,431,1,1,2,186048,1,3,4,OK
3261,186219,1,0,1,186219,1,3,2,OK
3263,186391,1,0,1,186391,1,3,2,OK
3265,431,1,1,2,186562,1,3,4,OK
3267,1,1,5,6,186734,1,3,64,OK
3269,186905,1,0,1,186905,1,3,2,OK
3271,187077,1,0,1,187077,1,3,2,OK
3273,1,1,5,6,187248,1,3,64,OK
3275,1,1,5,6,187420,1,3,64,OK
3277,433,1,1,2,187592,1,3,4,OK
3279,187763,1,0,1,187763,1,3,2,OK
3281,187935,1,0,1,187935,1,3,2,OK
3283,188107,1,0,1,188107,1,3,2,OK
3285,188279,1,0,1,188279,1,3,2,OK
3287,188451,1,0,1,188451,1,3,2,OK
3289,188623,1,0,1,188623,1,3,2,OK
3291,188795,1,0,1,188795,1,3,2,OK
3293,188967,1,0,1,188967,1,3,2,OK
3295,189139,1,0,1,189139,1,3,2,OK
3297,435,1,1,2,189312,1,3,4,OK
3299,435,1,1,2,189484,1,3,4,OK
3301,435,1,1,2,189656,1,3,4,OK
3303,189829,1,0,1,189829,1,3,2,OK
3305,190001,1,0,1,190001,1,3,2,OK
3307,1,1,5,6,190174,1,3,64,OK
3309,1,1,5,6,190346,1,3,64,OK
3311,190519,1,0,1,190519,1,3,2,OK
3313,190691,1,0,1,190691,1,3,2,OK
3315,1,1,5,6,190864,1,3,64,OK
3317,191037,1,0,1,191037,1,3,2,OK
3319,437,1,1,2,191210,1,3,4,OK
3321,437,1,1,2,191382,1,3,4,OK
3323,191555,1,0,1,191555,1,3,2,OK
3325,437,1,1,2,191728,1,3,4,OK
3327,191901,1,0,1,191901,1,3,2,OK
3329,1,1,5,6,192074,1,3,64,OK
3331,1,1,5,6,192248,1,3,64,OK
3333,192421,1,0,1,192421,1,3,2,OK
3335,1,1,5,6,192594,1,3,64,OK
3337,192767,1,0,1,192767,1,3,2,OK
3339,192941,1,0,1,192941,1,3,2,OK
3341,439,1,1,2,193114,1,3,4,OK
3343,193287,1,0,1,193287,1,3,2,OK
3345,193461,1,0,1,193461,1,3,2,OK
3347,1,1,5,6,193634,1,3,64,OK
3349,1,1,5,6,193808,1,3,64,OK
3351,1,1,5,6,193982,1,3,64,OK
3353,194155,1,0,1,194155,1,3,2,OK
3355,194329,1,0,1,194329,1,3,2,OK
3357,194503,1,0,1,194503,1,3,2,OK
3359,194677,1,0,1,194677,1,3,2,OK
3361,194851,1,0,1,194851,1,3,2,OK
3363,195025,1,0,1,195025,1,3,2,OK
3365,195199,1,0,1,195199,1,3,2,OK
3367,195373,1,0,1,195373,1,3,2,OK
3369,195547,1,0,1,195547,1,3,2,OK
3371,195721,1,0,1,195721,1,3,2,OK
3373,195895,1,0,1,195895,1,3,2,OK
3375,196069,1,0,1,196069,1,3,2,OK
3377,21,1,2,3,196244,1,3,8,OK
3379,443,1,1,2,196418,1,3,4,OK
3381,443,1,1,2,196592,1,3,4,OK
3383,196767,1,0,1,196767,1,3,2,OK
3385,196941,1,0,1,196941,1,3,2,OK
3387,443,1,1,2,197116,1,3,4,OK
3389,197291,1,0,1,197291,1,3,2,OK
3391,197465,1,0,1,197465,1,3,2,OK
3393,21,1,2,3,197640,1,3,8,OK
3395,197815,1,0,1,197815,1,3,2,OK
3397,21,1,2,3,197990,1,3,8,OK
3399,445,1,1,2,198164,1,3,4,OK
3401,198339,1,0,1,198339,1,3,2,OK
3403,445,1,1,2,198514,1,3,4,OK
3405,198689,1,0,1,198689,1,3,2,OK
3407,445,1,1,2,198864,1,3,4,OK
3409,21,1,2,3,199040,1,3,8,OK
3411,199215,1,0,1,199215,1,3,2,OK
3413,21,1,2,3,199390,1,3,8,OK
3415,199565,1,0,1,199565,1,3,2,OK
3417,199741,1,0,1,199741,1,3,2,OK
3419,447,1,1,2,199916,1,3,4,OK
3421,200091,1,0,1,200091,1,3,2,OK
3423,200267,1,0,1,200267,1,3,2,OK
3425,447,1,1,2,200442,1,3,4,OK
3427,447,1,1,2,200618,1,3,4,OK
3429,21,1,2,3,200794,1,3,8,OK
3431,200969,1,0,1,200969,1,3,2,OK
3433,201145,1,0,1,201145,1,3,2,OK
3435,201321,1,0,1,201321,1,3,2,OK
3437,201497,1,0,1,201497,1,3,2,OK
3439,201673,1,0,1,201673,1,3,2,OK
3441,201849,1,0,1,201849,1,3,2,OK
3443,202025,1,0,1,202025,1,3,2,OK
3445,202201,1,0,1,202201,1,3,2,OK
3447,202377,1,0,1,202377,1,3,2,OK
3449,202553,1,0,1,202553,1,3,2,OK
3451,202729,1,0,1,202729,1,3,2,OK
3453,202905,1,0,1,202905,1,3,2,OK
3455,21,1,2,3,203082,1,3,8,OK
3457,21,1,2,3,203258,1,3,8,OK
3459,203435,1,0,1,203435,1,3,2,OK
3461,203611,1,0,1,203611,1,3,2,OK
3463,451,1,1,2,203788,1,3,4,OK
3465,451,1,1,2,203964,1,3,4,OK
3467,204141,1,0,1,204141,1,3,2,OK
3469,204317,1,0,1,204317,1,3,2,OK
3471,21,1,2,3,204494,1,3,8,OK
3473,204671,1,0,1,204671,1,3,2,OK
3475,21,1,2,3,204848,1,3,8,OK
3477,205025,1,0,1,205025,1,3,2,OK
3479,21,1,2,3,205202,1,3,8,OK
3481,205379,1,0,1,205379,1,3,2,OK
3483,453,1,1,2,205556,1,3,4,OK
3485,205733,1,0,1,205733,1,3,2,OK
3487,453,1,1,2,205910,1,3,4,OK
3489,206087,1,0,1,206087,1,3,2,OK
3491,21,1,2,3,206264,1,3,8,OK
3493,206441,1,0,1,206441,1,3,2,OK
3495,206619,1,0,1,206619,1,3,2,OK
3497,21,1,2,3,206796,1,3,8,OK
3499,21,1,2,3,206974,1,3,8,OK
3501,207151,1,0,1,207151,1,3,2,OK
3503,207329,1,0,1,207329,1,3,2,OK
3505,455,1,1,2,207506,1,3,4,OK
3507,455,1,1,2,207684,1,3,4,OK
3509,207861,1,0,1,207861,1,3,2,OK
3511,208039,1,0,1,208039,1,3,2,OK
3513,208217,1,0,1,208217,1,3,2,OK
3515,208395,1,0,1,208395,1,3,2,OK
3517,208573,1,0,1,208573,1,3,2,OK
3519,208751,1,0,1,208751,1,3,2,OK
3521,208929,1,0,1,208929,1,3,2,OK
3523,209107,1,0,1,209107,1,3,2,OK
3525,209285,1,0,1,209285,1,3,2,OK
3527,209463,1,0,1,209463,1,3,2,OK
3529,209641,1,0,1,209641,1,3,2,OK
3531,209819,1,0,1,209819,1,3,2,OK
3533,21,1,2,3,209998,1,3,8,OK
3535,21,1,2,3,210176,1,3,8,OK
3537,21,1,2,3,210354,1,3,8,OK
3539,210533,1,0,1,210533,1,3,2,OK
3541,210711,1,0,1,210711,1,3,2,OK
3543,459,1,1,2,210890,1,3,4,OK
3545,459,1,1,2,211068,1,3,4,OK
3547,211247,1,0,1,211247,1,3,2,OK
3549,459,1,1,2,211426,1,3,4,OK
3551,211605,1,0,1,211605,1,3,2,OK
3553,211783,1,0,1,211783,1,3,2,OK
3555,21,1,2,3,211962,1,3,8,OK
3557,212141,1,0,1,212141,1,3,2,OK
3559,21,1,2,3,212320,1,3,8,OK
3561,212499,1,0,1,212499,1,3,2,OK
3563,461,1,1,2,212678,1,3,4,OK
3565,212857,1,0,1,212857,1,3,2,OK
3567,461,1,1,2,213036,1,3,4,OK
3569,461,1,1,2,213216,1,3,4,OK
3571,213395,1,0,1,213395,1,3,2,OK
3573,21,1,2,3,213574,1,3,8,OK
3575,213753,1,0,1,213753,1,3,2,OK
3577,213933,1,0,1,213933,1,3,2,OK
3579,21,1,2,3,214112,1,3,8,OK
3581,21,1,2,3,214292,1,3,8,OK
3583,214471,1,0,1,214471,1,3,2,OK
3585,214651,1,0,1,214651,1,3,2,OK
3587,214831,1,0,1,214831,1,3,2,OK
3589,463,1,1,2,215010,1,3,4,OK
3591,463,1,1,2,215190,1,3,4,OK
3593,21,1,2,3,215370,1,3,8,OK
3595,21,1,2,3,215550,1,3,8,OK
3597,21,1,2,3,215730,1,3,8,OK
3599,21,1,2,3,215910,1,3,8,OK
3601,21,1,2,3,216090,1,3,8,OK
3603,465,1,1,2,216270,1,3,4,OK
3605,465,1,1,2,216450,1,3,4,OK
3607,465,1,1,2,216630,1,3,4,OK
3609,465,1,1,2,216810,1,3,4,OK
3611,465,1,1,2,216990,1,3,4,OK
3613,217171,1,0,1,217171,1,3,2,OK
3615,217351,1,0,1,217351,1,3,2,OK
3617,217531,1,0,1,217531,1,3,2,OK
3619,21,1,2,3,217712,1,3,8,OK
3621,21,1,2,3,217892,1,3,8,OK
3623,218073,1,0,1,218073,1,3,2,OK
3625,218253,1,0,1,218253,1,3,2,OK
3627,467,1,1,2,218434,1,3,4,OK
3629,218615,1,0,1,218615,1,3,2,OK
3631,218795,1,0,1,218795,1,3,2,OK
3633,467,1,1,2,218976,1,3,4,OK
3635,219157,1,0,1,219157,1,3,2,OK
3637,21,1,2,3,219338,1,3,8,OK
3639,219519,1,0,1,219519,1,3,2,OK
3641,21,1,2,3,219700,1,3,8,OK
3643,219881,1,0,1,219881,1,3,2,OK
3645,469,1,1,2,220062,1,3,4,OK
3647,220243,1,0,1,220243,1,3,2,OK
3649,469,1,1,2,220424,1,3,4,OK
3651,469,1,1,2,220606,1,3,4,OK
3653,220787,1,0,1,220787,1,3,2,OK
3655,21,1,2,3,220968,1,3,8,OK
3657,21,1,2,3,221150,1,3,8,OK
3659,221331,1,0,1,221331,1,3,2,OK
3661,221513,1,0,1,221513,1,3,2,OK
3663,21,1,2,3,221694,1,3,8,OK
3665,471,1,1,2,221876,1,3,4,OK
3667,222057,1,0,1,222057,1,3,2,OK
3669,222239,1,0,1,222239,1,3,2,OK
3671,222421,1,0,1,222421,1,3,2,OK
3673,222603,1,0,1,222603,1,3,2,OK
3675,222785,1,0,1,222785,1,3,2,OK
3677,21,1,2,3,222966,1,3,8,OK
3679,21,1,2,3,223148,1,3,8,OK
3681,21,1,2,3,223330,1,3,8,OK
3683,21,1,2,3,223512,1,3,8,OK
3685,21,1,2,3,223694,1,3,8,OK
3687,223877,1,0,1,223877,1,3,2,OK
3689,224059,1,0,1,224059,1,3,2,OK
3691,224241,1,0,1,224241,1,3,2,OK
3693,224423,1,0,1,224423,1,3,2,OK
3695,473,1,1,2,224606,1,3,4,OK
3697,21,1,2,3,224788,1,3,8,OK
3699,21,1,2,3,224970,1,3,8,OK
3701,225153,1,0,1,225153,1,3,2,OK
3703,225335,1,0,1,225335,1,3,2,OK
3705,21,1,2,3,225518,1,3,8,OK
3707,225701,1,0,1,225701,1,3,2,OK
3709,225883,1,0,1,225883,1,3,2,OK
3711,475,1,1,2,226066,1,3,4,OK
3713,226249,1,0,1,226249,1,3,2,OK
3715,475,1,1,2,226432,1,3,4,OK
3717,226615,1,0,1,226615,1,3,2,OK
3719,21,1,2,3,226798,1,3,8,OK
3721,226981,1,0,1,226981,1,3,2,OK
3723,21,1,2,3,227164,1,3,8,OK
3725,227347,1,0,1,227347,1,3,2,OK
3727,477,1,1,2,227530,1,3,4,OK
3729,227713,1,0,1,227713,1,3,2,OK
3731,477,1,1,2,227896,1,3,4,OK
3733,228079,1,0,1,228079,1,3,2,OK
3735,228263,1,0,1,228263,1,3,2,OK
3737,477,1,1,2,228446,1,3,4,OK
3739,228629,1,0,1,228629,1,3,2,OK
3741,228813,1,0,1,228813,1,3,2,OK
3743,21,1,2,3,228996,1,3,8,OK
3745,21,1,2,3,229180,1,3,8,OK
3747,21,1,2,3,229364,1,3,8,OK
3749,229547,1,0,1,229547,1,3,2,OK
3751,229731,1,0,1,229731,1,3,2,OK
3753,229915,1,0,1,229915,1,3,2,OK
3755,230099,1,0,1,230099,1,3,2,OK
3757,479,1,1,2,230282,1,3,4,OK
3759,21,1,2,3,230466,1,3,8,OK
3761,21,1,2,3,230650,1,3,8,OK
3763,21,1,2,3,230834,1,3,8,OK
3765,21,1,2,3,231018,1,3,8,OK
3767,21,1,2,3,231202,1,3,8,OK
3769,231387,1,0,1,231387,1,3,2,OK
3771,231571,1,0,1,231571,1,3,2,OK
3773,231755,1,0,1,231755,1,3,2,OK
3775,231939,1,0,1,231939,1,3,2,OK
3777,481,1,1,2,232124,1,3,4,OK
3779,481,1,1,2,232308,1,3,4,OK
3781,232493,1,0,1,232493,1,3,2,OK
3783,232677,1,0,1,232677,1,3,2,OK
3785,21,1,2,3,232862,1,3,8,OK
3787,21,1,2,3,233046,1,3,8,OK
3789,233231,1,0,1,233231,1,3,2,OK
3791,483,1,1,2,233416,1,3,4,OK
3793,483,1,1,2,233600,1,3,4,OK
3795,233785,1,0,1,233785,1,3,2,OK
3797,483,1,1,2,233970,1,3,4,OK
3799,234155,1,0,1,234155,1,3,2,OK
3801,1,1,5,6,234340,1,3,64,OK
3803,234525,1,0,1,234525,1,3,2,OK
3805,1,1,5,6,234710,1,3,64,OK
3807,234895,1,0,1,234895,1,3,2,OK
3809,1,1,5,6,235080,1,3,64,OK
3811,235265,1,0,1,235265,1,3,2,OK
3813,485,1,1,2,235450,1,3,4,OK
3815,485,1,1,2,235636,1,3,4,OK
3817,235821,1,0,1,235821,1,3,2,OK
3819,485,1,1,2,236006,1,3,4,OK
3821,485,1,1,2,236192,1,3,4,OK
3823,236377,1,0,1,236377,1,3,2,OK
3825,236563,1,0,1,236563,1,3,2,OK
3827,1,1,5,6,236748,1,3,64,OK
3829,1,1,5,6,236934,1,3,64,OK
3831,1,1,5,6,237120,1,3,64,OK
3833,237305,1,0,1,237305,1,3,2,OK
3835,237491,1,0,1,237491,1,3,2,OK
3837,237677,1,0,1,237677,1,3,2,OK
3839,237863,1,0,1,237863,1,3,2,OK
3841,238049,1,0,1,238049,1,3,2,OK
3843,238235,1,0,1,238235,1,3,2,OK
3845,238421,1,0,1,238421,1,3,2,OK
3847,238607,1,0,1,238607,1,3,2,OK
3849,238793,1,0,1,238793,1,3,2,OK
3851,238979,1,0,1,238979,1,3,2,OK
3853,239165,1,0,1,239165,1,3,2,OK
3855,239351,1,0,1,239351,1,3,2,OK
3857,489,1,1,2,239538,1,3,4,OK
3859,489,1,1,2,239724,1,3,4,OK
3861,489,1,1,2,239910,1,3,4,OK
3863,240097,1,0,1,240097,1,3,2,OK
3865,240283,1,0,1,240283,1,3,2,OK
3867,1,1,5,6,240470,1,3,64,OK
3869,1,1,5,6,240656,1,3,64,OK
3871,240843,1,0,1,240843,1,3,2,OK
3873,1,1,5,6,241030,1,3,64,OK
3875,491,1,1,2,241216,1,3,4,OK
3877,241403,1,0,1,241403,1,3,2,OK
3879,491,1,1,2,241590,1,3,4,OK
3881,241777,1,0,1,241777,1,3,2,OK
3883,491,1,1,2,241964,1,3,4,OK
3885,242151,1,0,1,242151,1,3,2,OK
3887,1,1,5,6,242338,1,3,64,OK
3889,242525,1,0,1,242525,1,3,2,OK
3891,1,1,5,6,242712,1,3,64,OK
3893,242899,1,0,1,242899,1,3,2,OK
3895,493,1,1,2,243086,1,3,4,OK
3897,243273,1,0,1,243273,1,3,2,OK
3899,243461,1,0,1,243461,1,3,2,OK
3901,493,1,1,2,243648,1,3,4,OK
3903,493,1,1,2,243836,1,3,4,OK
3905,244023,1,0,1,244023,1,3,2,OK
3907,1,1,5,6,244210,1,3,64,OK
3909,1,1,5,6,244398,1,3,64,OK
3911,1,1,5,6,244586,1,3,64,OK
3913,244773,1,0,1,244773,1,3,2,OK
3915,244961,1,0,1,244961,1,3,2,OK
3917,245149,1,0,1,245149,1,3,2,OK
3919,495,1,1,2,245336,1,3,4,OK
3921,495,1,1,2,245524,1,3,4,OK
3923,495,1,1,2,245712,1,3,4,OK
3925,495,1,1,2,245900,1,3,4,OK
3927,1,1,5,6,246088,1,3,64,OK
3929,1,1,5,6,246276,1,3,64,OK
3931,1,1,5,6,246464,1,3,64,OK
3933,1,1,5,6,246652,1,3,64,OK
3935,1,1,5,6,246840,1,3,64,OK
3937,247029,1,0,1,247029,1,3,2,OK
3939,247217,1,0,1,247217,1,3,2,OK
3941,247405,1,0,1,247405,1,3,2,OK
3943,497,1,1,2,247594,1,3,4,OK
3945,497,1,1,2,247782,1,3,4,OK
3947,497,1,1,2,247970,1,3,4,OK
3949,248159,1,0,1,248159,1,3,2,OK
3951,248347,1,0,1,248347,1,3,2,OK
3953,1,1,5,6,248536,1,3,64,OK
3955,248725,1,0,1,248725,1,3,2,OK
3957,248913,1,0,1,248913,1,3,2,OK
3959,499,1,1,2,249102,1,3,4,OK
3961,249291,1,0,1,249291,1,3,2,OK
3963,499,1,1,2,249480,1,3,4,OK
3965,249669,1,0,1,249669,1,3,2,OK
3967,499,1,1,2,249858,1,3,4,OK
3969,250047,1,0,1,250047,1,3,2,OK
3971,1,1,5,6,250236,1,3,64,OK
3973,250425,1,0,1,250425,1,3,2,OK
3975,1,1,5,6,250614,1,3,64,OK
3977,250803,1,0,1,250803,1,3,2,OK
3979,1,1,5,6,250992,1,3,64,OK
3981,251181,1,0,1,251181,1,3,2,OK
3983,251371,1,0,1,251371,1,3,2,OK
3985,501,1,1,2,251560,1,3,4,OK
3987,251749,1,0,1,251749,1,3,2,OK
3989,251939,1,0,1,251939,1,3,2,OK
3991,1,1,5,6,252128,1,3,64,OK
3993,1,1,5,6,252318,1,3,64,OK
3995,1,1,5,6,252508,1,3,64,OK
3997,252697,1,0,1,252697,1,3,2,OK
3999,252887,1,0,1,252887,1,3,2,OK
